AEROPORTO DE ORIGEM (SIGLA);AEROPORTO DE ORIGEM (NOME);AEROPORTO DE ORIGEM (UF);AEROPORTO DE ORIGEM (REGIÃO);AEROPORTO DE ORIGEM (PAÍS);AEROPORTO DE ORIGEM (CONTINENTE);LATITUDE;LONGITUDE
KAUS;"AUSTIN; TEXAS";;;ESTADOS UNIDOS DA AMÉRICA;AMÉRICA DO NORTE; 30.194499969482422;-97.6698989868164
KDFW;"DALLAS & FORT WORTH; TEXAS";;;ESTADOS UNIDOS DA AMÉRICA;AMÉRICA DO NORTE; 32.896801;-97.038002
KJFK;"NEW YORK; NEW YORK";;;ESTADOS UNIDOS DA AMÉRICA;AMÉRICA DO NORTE; 40.639801;-73.7789
KMCO;"ORLANDO; FLORIDA";;;ESTADOS UNIDOS DA AMÉRICA;AMÉRICA DO NORTE; 28.429399490356445;-81.30899810791016
KMIA;"MIAMI; FLORIDA";;;ESTADOS UNIDOS DA AMÉRICA;AMÉRICA DO NORTE; 25.79319953918457;-80.29060363769531
SBBR;BRASÍLIA;DF;CENTRO-OESTE;BRASIL;AMÉRICA DO SUL; -15.869167;-47.920834
SBCF;CONFINS;MG;SUDESTE;BRASIL;AMÉRICA DO SUL; -19.62444305419922;-43.97194290161133
SBGL;RIO DE JANEIRO;RJ;SUDESTE;BRASIL;AMÉRICA DO SUL; -22.8099994659;-43.2505569458
SBGR;GUARULHOS;SP;SUDESTE;BRASIL;AMÉRICA DO SUL; -23.435556411743164;-46.47305679321289
SBRF;RECIFE;PE;NORDESTE;BRASIL;AMÉRICA DO SUL; -8.126489639282227;-34.92359924316406
SBSV;SALVADOR;BA;NORDESTE;BRASIL;AMÉRICA DO SUL; -12.9086112976;-38.3224983215
TJSJ;SAN JUAN;;;PORTO RICO;AMÉRICA CENTRAL; 18.4393997192;-66.0018005371
KPBI;"WEST PALM BEACH; FLORIDA";;;ESTADOS UNIDOS DA AMÉRICA;AMÉRICA DO NORTE; 26.68320083618164;-80.09559631347656
SVMI;"MAIQUETÍA; VARGAS (NEAR CARACAS)";;;VENEZUELA;AMÉRICA DO SUL; 10.601194;-66.991222
MDSD;SAO DOMINGO/DE LAS AMÉRICAS;;;REPÚBLICA DOMINICANA;AMÉRICA CENTRAL; 18.42970085144;-69.668899536133
KIAH;"HOUSTON; TEXAS";;;ESTADOS UNIDOS DA AMÉRICA;AMÉRICA DO NORTE; 29.984399795532227;-95.34140014648438
MYNN;NASSAU/INTL NEW PROVIDENCE;;;BAHAMAS;AMÉRICA CENTRAL; 25.039;-77.466202
KEWR;"NEWARK & ELIZABETH; NEW JERSEY";;;ESTADOS UNIDOS DA AMÉRICA;AMÉRICA DO NORTE; 40.692501068115234;-74.168701171875
KDAL;"DALLAS; TEXAS; ESTADOS UNIDOS DA AMÉRICA"; ; ;ESTADOS UNIDOS DA AMÉRICA;AMÉRICA DO NORTE; 32.847099;-96.851799
KFLL;"FORT LAUDERDALE/HOLLYWOOD; FLORIDA";;;ESTADOS UNIDOS DA AMÉRICA;AMÉRICA DO NORTE; 26.072599;-80.152702
KBOS;"BOSTON; MASSACHUSETTS";;;ESTADOS UNIDOS DA AMÉRICA;AMÉRICA DO NORTE; 42.36429977;-71.00520325
KPHL;"PHILADELPHIA; PENNSYLVANIA";;;ESTADOS UNIDOS DA AMÉRICA;AMÉRICA DO NORTE; 39.87189865112305;-75.24109649658203
SBKP;CAMPINAS;SP;SUDESTE;BRASIL;AMÉRICA DO SUL; -23.0074005127;-47.1344985962
SBRG;RIO GRANDE;RS;SUL;BRASIL;AMÉRICA DO SUL; -32.082562;-52.162776
SBLP;BOM JESUS DA LAPA;BA;NORDESTE;BRASIL;AMÉRICA DO SUL; -13.2621002197;-43.4081001282
SNGI;GUANAMBI;BA;NORDESTE;BRASIL;AMÉRICA DO SUL; -14.208200454711914;-42.74610137939453
CYYZ;TORONTO;;;CANADÁ;AMÉRICA DO NORTE; 43.6772003174;-79.63059997559999
LEMD;MADRID;;;ESPANHA;EUROPA; 40.471926;-3.56264
GVAC;ILHA DO SAL;;;CABO VERDE;ÁFRICA; 16.7414;-22.9494
LIMC;MILAN;;;ITÁLIA;EUROPA; 45.6306;8.72811
LIRF;ROME;;;ITÁLIA;EUROPA; 41.8002778;12.2388889
SBFZ;FORTALEZA;CE;NORDESTE;BRASIL;AMÉRICA DO SUL; -3.776279926300049;-38.53260040283203
SBMO;RIO LARGO;AL;NORDESTE;BRASIL;AMÉRICA DO SUL; -9.510809898376465;-35.79169845581055
SBNT;PARNAMIRIM;RN;NORDESTE;BRASIL;AMÉRICA DO SUL; -5.91141986847;-35.2476997375
SBPS;PORTO SEGURO;BA;NORDESTE;BRASIL;AMÉRICA DO SUL; -16.438601;-39.080898
SBCB;CABO FRIO;RJ;SUDESTE;BRASIL;AMÉRICA DO SUL; -22.921699523900003;-42.074298858599995
LFPG;PARIS;;;FRANÇA;EUROPA; 49.012798;2.55
MMMX;MEXICO;;;MÉXICO;AMÉRICA DO NORTE; 19.4363;-99.072098
SABE;BUENOS AIRES;;;ARGENTINA;AMÉRICA DO SUL; -34.5592;-58.4156
SAEZ;"EZEIZA; BUENOS AIRES PROVINCE";;;ARGENTINA;AMÉRICA DO SUL; -34.8222;-58.5358
SBFL;FLORIANÓPOLIS;SC;SUL;BRASIL;AMÉRICA DO SUL; -27.670278549194336;-48.5525016784668
SBPA;PORTO ALEGRE;RS;SUL;BRASIL;AMÉRICA DO SUL; -29.994400024414062;-51.1713981628418
SARI;"PUERTO IGUAZÚ; MISIONES PROVINCE";;;ARGENTINA;AMÉRICA DO SUL; -25.737301;-54.4734
SKBO;BOGOTÁ;;;COLÔMBIA;AMÉRICA DO SUL; 4.70159;-74.1469
KCLT;"CHARLOTTE; NORTH CAROLINA";;;ESTADOS UNIDOS DA AMÉRICA;AMÉRICA DO NORTE; 35.2140007019043;-80.94309997558594
SBBE;BELÉM;PA;NORTE;BRASIL;AMÉRICA DO SUL; -1.3792500495900002;-48.4762992859
SBCG;CAMPO GRANDE;MS;CENTRO-OESTE;BRASIL;AMÉRICA DO SUL; -20.468700408900002;-54.6725006104
SBCT;SÃO JOSÉ DOS PINHAIS;PR;SUL;BRASIL;AMÉRICA DO SUL; -25.5284996033;-49.1758003235
SBNF;NAVEGANTES;SC;SUL;BRASIL;AMÉRICA DO SUL; -26.879999;-48.651402
SBSJ;SÃO JOSÉ DOS CAMPOS;SP;SUDESTE;BRASIL;AMÉRICA DO SUL; -23.22920036315918;-45.86149978637695
SBSL;SÃO LUÍS;MA;NORDESTE;BRASIL;AMÉRICA DO SUL; -2.585360050201416;-44.234100341796875
SBVT;VITÓRIA;ES;SUDESTE;BRASIL;AMÉRICA DO SUL; -20.258057;-40.286388
SBRJ;RIO DE JANEIRO;RJ;SUDESTE;BRASIL;AMÉRICA DO SUL; -22.910499572799996;-43.1631011963
SBCY;VÁRZEA GRANDE;MT;CENTRO-OESTE;BRASIL;AMÉRICA DO SUL; -15.6528997421;-56.1166992188
SBJV;JOINVILLE;SC;SUL;BRASIL;AMÉRICA DO SUL; -26.22450065612793;-48.797401428222656
SBMG;MARINGÁ;PR;SUL;BRASIL;AMÉRICA DO SUL; -23.47606;-52.016187
SBRP;RIBEIRÃO PRETO;SP;SUDESTE;BRASIL;AMÉRICA DO SUL; -21.136388778686523;-47.776668548583984
SBGO;GOIÂNIA;GO;CENTRO-OESTE;BRASIL;AMÉRICA DO SUL; -16.631999969482422;-49.220699310302734
SBPL;PETROLINA;PE;NORDESTE;BRASIL;AMÉRICA DO SUL; -9.362409591674805;-40.56909942626953
SBAR;ARACAJU;SE;NORDESTE;BRASIL;AMÉRICA DO SUL; -10.984000206;-37.0703010559
SBEG;MANAUS;AM;NORTE;BRASIL;AMÉRICA DO SUL; -3.03861;-60.049702
SBIL;ILHÉUS;BA;NORDESTE;BRASIL;AMÉRICA DO SUL; -14.815999984741;-39.033199310303
SBJP;SANTA RITA;PB;NORDESTE;BRASIL;AMÉRICA DO SUL; -7.145833015440001;-34.9486122131
SBTE;TERESINA;PI;NORDESTE;BRASIL;AMÉRICA DO SUL; -5.0599398613;-42.8235015869
SBSP;SÃO PAULO;SP;SUDESTE;BRASIL;AMÉRICA DO SUL; -23.626110076904297;-46.65638732910156
SBFI;FOZ DO IGUAÇU;PR;SUL;BRASIL;AMÉRICA DO SUL; -25.600278854370117;-54.48500061035156
SBSR;SÃO JOSÉ DO RIO PRETO;SP;SUDESTE;BRASIL;AMÉRICA DO SUL; -20.816600799599996;-49.40650177
SBDN;PRESIDENTE PRUDENTE;SP;SUDESTE;BRASIL;AMÉRICA DO SUL; -22.1751003265;-51.4245986938
SBUR;UBERABA;MG;SUDESTE;BRASIL;AMÉRICA DO SUL; -19.764722824097;-47.966110229492
SKBQ;BARRANQUILLA;;;COLÔMBIA;AMÉRICA DO SUL; 10.8896;-74.7808
LFBO;TOULOUSE;;;FRANÇA;EUROPA; 43.629101;1.36382
WSSS;CHANGI;;;SINGAPURA;ÁSIA; 1.35019;103.994003
GCRR;LANZAROTE/ILHASCANARIAS;;;ESPANHA;EUROPA; 28.945499;-13.6052
SDSC;SÃO CARLOS;SP;SUDESTE;BRASIL;AMÉRICA DO SUL; -21.875401;-47.903703
SBAU;ARAÇATUBA;SP;SUDESTE;BRASIL;AMÉRICA DO SUL; -21.1413002014;-50.4247016907
SBJU;JUAZEIRO DO NORTE;CE;NORDESTE;BRASIL;AMÉRICA DO SUL; -7.21895980835;-39.270099639899996
SBPJ;PALMAS;TO;NORTE;BRASIL;AMÉRICA DO SUL; -10.291500091600001;-48.35699844359999
SBML;MARÍLIA;SP;SUDESTE;BRASIL;AMÉRICA DO SUL; -22.1968994141;-49.926399231
SBZM;GOIANÁ;MG;SUDESTE;BRASIL;AMÉRICA DO SUL; -21.513086;-43.173069
SBCX;CAXIAS DO SUL;RS;SUL;BRASIL;AMÉRICA DO SUL; -29.197099685699996;-51.1875
GVNP;CABO VERDE;;;CABO VERDE;ÁFRICA; 14.924500465393066;-23.493499755859375
TTPP;"PORT OF SPAIN; TRINIDAD";;;TRINIDAD E TOBAGO;AMÉRICA CENTRAL; 10.595399856567383;-61.33720016479492
KTPA;"TAMPA; FLORIDA";;;ESTADOS UNIDOS DA AMÉRICA;AMÉRICA DO NORTE; 27.975500106811523;-82.533203125
SBCN;CALDAS NOVAS;GO;CENTRO-OESTE;BRASIL;AMÉRICA DO SUL; -17.725299835205;-48.607498168945
EGLL;"LONDON; ENGLAND";;;REINO UNIDO;EUROPA; 51.4706;-0.461941
SLCB;COCHABAMBA;;;BOLÍVIA;AMÉRICA DO SUL; -17.421100616455078;-66.1771011352539
SLVR;SANTA CRUZ;;;BOLÍVIA;AMÉRICA DO SUL; -17.6448;-63.135399
ZBAA;BEIJING;;;CHINA;ÁSIA; 40.080101013183594;116.58499908447266
EDDF;FRANKFURT AM MAIN;;;ALEMANHA;EUROPA; 50.033333;8.570556
SPIM;"CALLAO/LIMA; LIMA METROPOLITAN AREA";;;PERU;AMÉRICA DO SUL; -12.0219;-77.114305
GUCY;CONAKRY/GBESSIA;;;GUINÉ;ÁFRICA; 9.57689;-13.612
SKRG;MEDELLÍN/RIONEGRO;;;COLÔMBIA;AMÉRICA DO SUL; 6.16454;-75.4231
SEGU;GUAYAQUIL;;;EQUADOR;AMÉRICA DO SUL; -2.1574199199699997;-79.88359832760001
SEQU;QUITO;;;EQUADOR;AMÉRICA DO SUL; -0.141144007444;-78.4881973267
MPTO;PANAMA;;;PANAMÁ;AMÉRICA CENTRAL; 9.0713596344;-79.3834991455
SCDA;IQUIQUE;;;CHILE;AMÉRICA DO SUL; -20.535200119018555;-70.1812973022461
ELLX;LUXEMBOURG CITY;;;LUXEMBURGO;EUROPA; 49.6233333;6.2044444
TNCC;WILLEMSTAD;;;CURAÇAO;AMÉRICA DO NORTE; 12.1889;-68.959801
OMAA;AB DHABI INTERNATIONAL;;;EMIRADOS ÁRABES UNIDOS;ÁSIA; 24.433000564575195;54.651100158691406
EHBK;BEEK;;;HOLANDA;EUROPA; 50.911701;5.77014
TJBQ;AQUADILLA BORINQUEN;;;PORTO RICO;AMÉRICA CENTRAL; 18.49489974975586;-67.12940216064453
SBCP;CAMPOS DOS GOYTACAZES;RJ;SUDESTE;BRASIL;AMÉRICA DO SUL; -21.698299408;-41.301700592
SBPV;PORTO VELHO;RO;NORTE;BRASIL;AMÉRICA DO SUL; -8.70928955078125;-63.90230178833008
KATL;ATLANTA;;;ESTADOS UNIDOS DA AMÉRICA;AMÉRICA DO NORTE; 33.6367;-84.428101
KDTW;"ROMULUS; MICHIGAN (NEAR DETROIT)";;;ESTADOS UNIDOS DA AMÉRICA;AMÉRICA DO NORTE; 42.212398529052734;-83.35340118408203
EDDM;MUNICH;;;ALEMANHA;EUROPA; 48.353802;11.7861
SACO;"CÓRDOBA; CÓRDOBA PROVINCE";;;ARGENTINA;AMÉRICA DO SUL; -31.323601;-64.208
SCCF;CALAMA;;;CHILE;AMÉRICA DO SUL; -22.498199462890625;-68.90360260009766
FNLU;LUANDA;;;ANGOLA;ÁFRICA; -8.85837;13.2312
LLBG;LOD/TEL AVIV;;;ISRAEL;ÁSIA; 32.01139831542969;34.88669967651367
SCEL;SANTIAGO;;;CHILE;AMÉRICA DO SUL; -33.393001556396484;-70.78579711914062
KMEM;"MEMPHIS; TENNESSEE";;;ESTADOS UNIDOS DA AMÉRICA;AMÉRICA DO NORTE; 35.04240036010742;-89.97669982910156
KBNA;"NASHVILLE; TENNESSEE";;;ESTADOS UNIDOS DA AMÉRICA;AMÉRICA DO NORTE; 36.1245002746582;-86.6781997680664
SOCA;CAYENNE;;;GUIANA FRANCESA;AMÉRICA DO SUL; 4.819809913639999;-52.360401153599994
SBMQ;MACAPÁ;AP;NORTE;BRASIL;AMÉRICA DO SUL; 0.0506640002131;-51.0722007751
GOOY;DACAR;;;SENEGAL;ÁFRICA; 14.739700317382812;-17.49020004272461
SUMU;"MONTEVIDEO; MONTEVIDEO";;;URUGUAI;AMÉRICA DO SUL; -34.838402;-56.0308
EHAM;"HAARLEMMERMEER; NEAR AMSTERDAM";;;HOLANDA;EUROPA; 52.308601;4.76389
DGAA;ACCRA;;;GANA;ÁFRICA; 5.605189800262451;-0.16678600013256073
MDPC;PUNTA CANA;;;REPÚBLICA DOMINICANA;AMÉRICA CENTRAL; 18.567399978599997;-68.36340332030001
MMUN;CANCUN/INTL;;;MÉXICO;AMÉRICA DO NORTE; 21.036500930800003;-86.8770980835
KLAS;"LAS VEGAS; NEVADA";;;ESTADOS UNIDOS DA AMÉRICA;AMÉRICA DO NORTE; 36.08010101;-115.1520004
MUHA;HAVANA;;;CUBA;AMÉRICA CENTRAL; 22.989200592041016;-82.40910339355469
SGAS;ASUNCIÓN;;;PARAGUAI;AMÉRICA DO SUL; -25.239999771118164;-57.52000045776367
SBCZ;CRUZEIRO DO SUL;AC;NORTE;BRASIL;AMÉRICA DO SUL; -7.59991;-72.769501
SBIZ;IMPERATRIZ;MA;NORDESTE;BRASIL;AMÉRICA DO SUL; -5.53129;-47.459999
SBMA;MARABÁ;PA;NORTE;BRASIL;AMÉRICA DO SUL; -5.36858987808;-49.138000488299994
SBRB;RIO BRANCO;AC;NORTE;BRASIL;AMÉRICA DO SUL; -9.869031;-67.893984
SBSN;SANTARÉM;PA;NORTE;BRASIL;AMÉRICA DO SUL; -2.4247219562530518;-54.785831451416016
SAAR;"ROSARIO; SANTA FE PROVINCE";;;ARGENTINA;AMÉRICA DO SUL; -32.9036;-60.785
SBBV;BOA VISTA;RR;NORTE;BRASIL;AMÉRICA DO SUL; 2.84138894081;-60.6922225952
SBKG;CAMPINA GRANDE;PB;NORDESTE;BRASIL;AMÉRICA DO SUL; -7.26992;-35.8964
SBUL;UBERLÂNDIA;MG;SUDESTE;BRASIL;AMÉRICA DO SUL; -18.883612;-48.225277
TNCA;"ORANJESTAD; ARUBA";;;ARUBA;AMÉRICA DO SUL; 12.5014;-70.015198
SBMK;MONTES CLAROS;MG;SUDESTE;BRASIL;AMÉRICA DO SUL; -16.706899642899998;-43.818901062
SBLO;LONDRINA;PR;SUL;BRASIL;AMÉRICA DO SUL; -23.333599090599996;-51.1301002502
MUSC;SANTA CLARA;;;CUBA;AMÉRICA CENTRAL; 22.49220085144043;-79.943603515625
TNCM;PHILIPSBURG;;;ILHA DE SÃO MARTINHO;AMÉRICA CENTRAL; 18.041000366200002;-63.1088981628
SBCH;CHAPECÓ;SC;SUL;BRASIL;AMÉRICA DO SUL; -27.134199142456;-52.656600952148
SULS;"MALDONADO/PUNTA DEL ESTE; MALDONADO";;;URUGUAI;AMÉRICA DO SUL; -34.855098724365234;-55.09429931640625
SBFN;FERNANDO DE NORONHA;PE;NORDESTE;BRASIL;AMÉRICA DO SUL; -3.85493;-32.423302
TBPB;BRIDGETOWN;;;BARBADOS;AMÉRICA CENTRAL; 13.0746;-59.4925
SJTC;AREALVA;SP;SUDESTE;BRASIL;AMÉRICA DO SUL; -22.166859140899998;-49.0502866745
KOPF;"OPA-LOCKA; FLORIDA";;;ESTADOS UNIDOS DA AMÉRICA;AMÉRICA DO NORTE; 25.907;-80.278397
SBAE;AREALVA;SP;SUDESTE;BRASIL;AMÉRICA DO SUL; -22.15778;-49.06833
SWPI;PARINTINS;AM;NORTE;BRASIL;AMÉRICA DO SUL; -2.6730198860168457;-56.777198791503906
SBMN;MANAUS;AM;NORTE;BRASIL;AMÉRICA DO SUL; -3.1460399627685547;-59.98630142211914
MROC;SAN JOSE/JUAN SANTAMARIA;;;COSTA RICA;AMÉRICA CENTRAL; 9.993860244750977;-84.20880126953125
KGYR;"PHOENIX; ARIZONA";;;ESTADOS UNIDOS DA AMÉRICA;AMÉRICA DO NORTE; 33.4225006104;-112.375999451
KTUS;"TUCSON; ARIZONA";;;ESTADOS UNIDOS DA AMÉRICA;AMÉRICA DO NORTE; 32.115004;-110.938053
KBWI;"BALTIMORE; MARYLAND & WASHINGTON; DC";;;ESTADOS UNIDOS DA AMÉRICA;AMÉRICA DO NORTE; 39.1754;-76.668297
KHSV;"HUNTSVILLE; ALABAMA";;;ESTADOS UNIDOS DA AMÉRICA;AMÉRICA DO NORTE; 34.637199401855;-86.775100708008
KDOV;"DOVER; DELAWARE";;;ESTADOS UNIDOS DA AMÉRICA;AMÉRICA DO NORTE; 39.12950134;-75.46600342
KIND;"INDIANAPOLIS; INDIANA";;;ESTADOS UNIDOS DA AMÉRICA;AMÉRICA DO NORTE; 39.7173;-86.294403
KWRI;"WRIGHTSTOWN; NEW JERSEY";;;ESTADOS UNIDOS DA AMÉRICA;AMÉRICA DO NORTE; 40.0155983;-74.59169769
KCHS;"CHARLESTON; SOUTH CAROLINA";;;ESTADOS UNIDOS DA AMÉRICA;AMÉRICA DO NORTE; 32.89860153;-80.04049683
GCLP;LAS PALMAS;;;ILHAS CANÁRIAS;ÁFRICA; 27.931900024414062;-15.38659954071045
LEBL;BARCELONA;;;ESPANHA;EUROPA; 41.2971;2.07846
RKSI;INCHEON (NEAR SEOUL);;;COREIA DO SUL;ÁSIA; 37.46910095214844;126.45099639892578
KLAX;"LOS ANGELES; CALIFORNIA";;;ESTADOS UNIDOS DA AMÉRICA;AMÉRICA DO NORTE; 33.942501;-118.407997
MKJP;KINGSTON/NORMAN MANLEY INTL;;;JAMAICA;AMÉRICA CENTRAL; 17.935699462890625;-76.7874984741211
SGES;CIUDAD DEL ESTE;;;PARAGUAI;AMÉRICA DO SUL; -25.454516;-54.842682
MYGF;FREEPORT;;;BAHAMAS;AMÉRICA CENTRAL; 26.5587005615;-78.695602417
SANT;"TUCUMÁN; TUCUMÁN PROVINCE";;;ARGENTINA;AMÉRICA DO SUL; -26.8409;-65.104897
MNMG;MANAGUA;;;NICARÁGUA;AMÉRICA CENTRAL; 12.141500473022461;-86.16819763183594
SVVA;"VALENCIA; CARABOBO";;;VENEZUELA;AMÉRICA DO SUL; 10.14973258972168;-67.92839813232422
MGGT;GUATEMALA/LA AURORA;;;GUATEMALA;AMÉRICA CENTRAL; 14.5833;-90.527496
MMGL;GUADALAJARA/INTL;;;MÉXICO;AMÉRICA DO NORTE; 20.521799087524414;-103.31099700927734
MMAA;ACAPULCO/GEN.JUAN ALVAREZ;;;MÉXICO;AMÉRICA DO NORTE; 16.757099151611328;-99.75399780273438
MMMD;MERIDA;;;MÉXICO;AMÉRICA DO NORTE; 20.937000274699997;-89.657699585
SJQK;BOA VISTA;RR;NORTE;BRASIL;AMÉRICA DO SUL; 2.6955599784851074;-60.81420135498047
SWBV;AMAJARI;RR;NORTE;BRASIL;AMÉRICA DO SUL; 4.003466;-64.493635
SWUQ;ALTO ALEGRE;RR;NORTE;BRASIL;AMÉRICA DO SUL; 2.83528;-63.646999
SJLU;CARACARAÍ;RR;NORTE;BRASIL;AMÉRICA DO SUL; 1.7408299446105957;-62.286399841308594
SWJQ;SELVÍRIA;MS;CENTRO-OESTE;BRASIL;AMÉRICA DO SUL; -20.226943969726562;-51.84583282470703
SWQR;BOA VISTA;RR;NORTE;BRASIL;AMÉRICA DO SUL; 2.675832986831665;-60.77861022949219
SJLM;PACARAIMA;RR;NORTE;BRASIL;AMÉRICA DO SUL; 4.151669979095459;-61.427799224853516
SBTF;TEFÉ;AM;NORTE;BRASIL;AMÉRICA DO SUL; -3.38294005394;-64.7240982056
GCTS;TENERIFE;;;ESPANHA;EUROPA; 28.044500351;-16.5725002289
SBHT;ALTAMIRA;PA;NORTE;BRASIL;AMÉRICA DO SUL; -3.2539100646973;-52.254001617432
SBIH;ITAITUBA;PA;NORTE;BRASIL;AMÉRICA DO SUL; -4.2423400878906;-56.000701904297
SBMD;ALMEIRIM;PA;NORTE;BRASIL;AMÉRICA DO SUL; -0.889839;-52.6022
SMJP;ZANDERIJ;;;SURINAME;AMÉRICA DO SUL; 5.4528298377999995;-55.1878013611
SNOX;ORIXIMINÁ;PA;NORTE;BRASIL;AMÉRICA DO SUL; -1.7140799760818481;-55.83620071411133
SYCJ;GEORGETOWN;;;GUIANA;AMÉRICA DO SUL; 6.498549938201904;-58.25410079956055
KSFB;"SANFORD; FLORIDA";;;ESTADOS UNIDOS DA AMÉRICA;AMÉRICA DO NORTE; 28.777599334716797;-81.23750305175781
SBPF;PASSO FUNDO;RS;SUL;BRASIL;AMÉRICA DO SUL; -28.243999;-52.326599
SSER;ERECHIM;RS;SUL;BRASIL;AMÉRICA DO SUL; -27.66189956665039;-52.2682991027832
SSJA;JOAÇABA;SC;SUL;BRASIL;AMÉRICA DO SUL; -27.1714000702;-51.5532989502
SBCD;CAÇADOR;SC;SUL;BRASIL;AMÉRICA DO SUL; -26.78840065;-50.9398002625
SBSM;SANTA MARIA;RS;SUL;BRASIL;AMÉRICA DO SUL; -29.711399;-53.688202
SBNM;SANTO ÂNGELO;RS;SUL;BRASIL;AMÉRICA DO SUL; -28.2817;-54.169102
SBPK;PELOTAS;RS;SUL;BRASIL;AMÉRICA DO SUL; -31.718399;-52.327702
SBUG;URUGUAIANA;RS;SUL;BRASIL;AMÉRICA DO SUL; -29.7821998596;-57.0382003784
SJRG;RIO GRANDE;RS;SUL;BRASIL;AMÉRICA DO SUL; -32.083065;-52.167184
SSZR;SANTA ROSA;RS;SUL;BRASIL;AMÉRICA DO SUL; -27.9067;-54.520401
SURV;"RIVERA; RIVERA";;;URUGUAI;AMÉRICA DO SUL; -30.974599838256836;-55.476200103759766
SSIJ;IJUÍ;RS;SUL;BRASIL;AMÉRICA DO SUL; -28.36870002746582;-53.84659957885742
SBTR;TORRES;RS;SUL;BRASIL;AMÉRICA DO SUL; -29.41489982605;-49.810001373291
SSCK;CONCÓRDIA;SC;SUL;BRASIL;AMÉRICA DO SUL; -27.180599212646484;-52.05270004272461
SSFB;FRANCISCO BELTRÃO;PR;SUL;BRASIL;AMÉRICA DO SUL; -26.059200286865234;-53.063499450683594
SIXE;ELDORADO DO SUL;RS;SUL;BRASIL;AMÉRICA DO SUL; -30.050277709960938;-51.44361114501953
SBBG;BAGÉ;RS;SUL;BRASIL;AMÉRICA DO SUL; -31.39049911499;-54.112201690674
SBUF;PAULO AFONSO;BA;NORDESTE;BRASIL;AMÉRICA DO SUL; -9.4008798599243;-38.250598907471
SBMS;MOSSORÓ;RN;NORDESTE;BRASIL;AMÉRICA DO SUL; -5.2019200324999995;-37.3642997742
SNRU;CARUARU;PE;NORDESTE;BRASIL;AMÉRICA DO SUL; -8.282389640808105;-36.01350021362305
SKCL;CALI;;;COLÔMBIA;AMÉRICA DO SUL; 3.54322;-76.3816
EHWO;WOENSDRECHT;;;HOLANDA;EUROPA; 51.4491;4.34203
LPFR;FARO / MADEIRA AND ACORES;;;PORTUGAL;EUROPA; 37.0144004822;-7.96590995789
SPLP;"BARRANCO; LIMA PROVINCE";;;PERU;AMÉRICA DO SUL; -12.16069984436;-76.998901367188
KJAX;"JACKSONVILLE; FLORIDA";;;ESTADOS UNIDOS DA AMÉRICA;AMÉRICA DO NORTE; 30.49410057067871;-81.68789672851562
SBAQ;ARARAQUARA;SP;SUDESTE;BRASIL;AMÉRICA DO SUL; -21.812000274699997;-48.1329994202
SBQV;VITÓRIA DA CONQUISTA;BA;NORDESTE;BRASIL;AMÉRICA DO SUL; -14.8628;-40.863098
SNBR;BARREIRAS;BA;NORDESTE;BRASIL;AMÉRICA DO SUL; -12.078900337219238;-45.00899887084961
SBAT;ALTA FLORESTA;MT;CENTRO-OESTE;BRASIL;AMÉRICA DO SUL; -9.8663892746;-56.1049995422
SBJI;JI-PARANÁ;RO;NORTE;BRASIL;AMÉRICA DO SUL; -10.874659;-61.848756
SWGN;ARAGUAÍNA;TO;NORTE;BRASIL;AMÉRICA DO SUL; -7.22787;-48.240501
SBBH;BELO HORIZONTE;MG;SUDESTE;BRASIL;AMÉRICA DO SUL; -19.851200103759766;-43.950599670410156
SWCA;CARAUARI;AM;NORTE;BRASIL;AMÉRICA DO SUL; -4.871520042419434;-66.89749908447266
SBTT;TABATINGA;AM;NORTE;BRASIL;AMÉRICA DO SUL; -4.2556700706482;-69.93579864502
SBIP;SANTANA DO PARAÍSO;MG;SUDESTE;BRASIL;AMÉRICA DO SUL; -19.470699310303;-42.487598419189
SWGI;GURUPI;TO;NORTE;BRASIL;AMÉRICA DO SUL; -11.73960018157959;-49.132198333740234
SWLC;RIO VERDE;GO;CENTRO-OESTE;BRASIL;AMÉRICA DO SUL; -17.8347225189209;-50.956111907958984
LPAR;ALVERCA;;;PORTUGAL;EUROPA; 38.883301;-9.0301
SWKC;CÁCERES;MT;CENTRO-OESTE;BRASIL;AMÉRICA DO SUL; -16.04360008239746;-57.62990188598633
SWSI;SINOP;MT;CENTRO-OESTE;BRASIL;AMÉRICA DO SUL; -11.885001;-55.586109
SWRD;RONDONÓPOLIS;MT;CENTRO-OESTE;BRASIL;AMÉRICA DO SUL; -16.586;-54.7248
SNBA;BARRETOS;SP;SUDESTE;BRASIL;AMÉRICA DO SUL; -20.570589;-48.581899
SSKW;CACOAL;RO;NORTE;BRASIL;AMÉRICA DO SUL; -11.496;-61.4508
SBYS;PIRASSUNUNGA;SP;SUDESTE;BRASIL;AMÉRICA DO SUL; -21.984600067138672;-47.334800720214844
SWKO;COARI;AM;NORTE;BRASIL;AMÉRICA DO SUL; -4.134059906005859;-63.132598876953125
SBAX;ARAXÁ;MG;SUDESTE;BRASIL;AMÉRICA DO SUL; -19.563199996948;-46.960399627686
SBAN;ANÁPOLIS;GO;CENTRO-OESTE;BRASIL;AMÉRICA DO SUL; -16.2292;-48.964298
SBJF;JUIZ DE FORA;MG;SUDESTE;BRASIL;AMÉRICA DO SUL; -21.791500091552734;-43.38679885864258
SBTU;TUCURUÍ;PA;NORTE;BRASIL;AMÉRICA DO SUL; -3.7860100269318;-49.72029876709
SBCA;CASCAVEL;PR;SUL;BRASIL;AMÉRICA DO SUL; -25.0002994537;-53.500801086399996
SBCJ;PARAUAPEBAS;PA;NORTE;BRASIL;AMÉRICA DO SUL; -6.11527776718;-50.0013885498
SBTC;UNA;BA;NORDESTE;BRASIL;AMÉRICA DO SUL; -15.355199813799999;-38.9990005493
SUPE;"MALDONADO/PUNTA DEL ESTE; MALDONADO";;;URUGUAI;AMÉRICA DO SUL; -34.9169998169;-54.916999816899995
OTBD;DOHA;;;QATAR;ÁSIA; 25.261101;51.565102
FAJS;JOHANNESBURG;;;ÁFRICA DO SUL;ÁFRICA; -26.136660;28.240935
SSUM;UMUARAMA;PR;SUL;BRASIL;AMÉRICA DO SUL; -23.7987003326416;-53.31380081176758
SBBI;CURITIBA;PR;SUL;BRASIL;AMÉRICA DO SUL; -25.4050998688;-49.23199844359999
SBTD;TOLEDO;PR;SUL;BRASIL;AMÉRICA DO SUL; -24.6863;-53.697498
SNDC;REDENÇÃO;PA;NORTE;BRASIL;AMÉRICA DO SUL; -8.033289909362793;-49.97990036010742
SNKE;SANTANA DO ARAGUAIA;PA;NORTE;BRASIL;AMÉRICA DO SUL; -9.31997013092041;-50.32849884033203
SBAA;CONCEIÇÃO DO ARAGUAIA;PA;NORTE;BRASIL;AMÉRICA DO SUL; -8.34835;-49.301498
SDOW;OURILÂNDIA DO NORTE;PA;NORTE;BRASIL;AMÉRICA DO SUL; -6.763100147250001;-51.0499000549
SNFX;SÃO FÉLIX DO XINGU;PA;NORTE;BRASIL;AMÉRICA DO SUL; -6.6413;-51.9523
SNSW;SOURE;PA;NORTE;BRASIL;AMÉRICA DO SUL; -0.6994310021400452;-48.520999908447266
SBMC;MINAÇU;GO;CENTRO-OESTE;BRASIL;AMÉRICA DO SUL; -13.5491;-48.195301
SWFX;SÃO FÉLIX DO ARAGUAIA;MT;CENTRO-OESTE;BRASIL;AMÉRICA DO SUL; -11.632399559020996;-50.68960189819336
SJHG;CONFRESA;MT;CENTRO-OESTE;BRASIL;AMÉRICA DO SUL; -10.634400367736816;-51.5635986328125
SWGP;PALMEIRAS DE GOIÁS;GO;CENTRO-OESTE;BRASIL;AMÉRICA DO SUL; -16.826900482177734;-49.87889862060547
SWNS;ANÁPOLIS;GO;CENTRO-OESTE;BRASIL;AMÉRICA DO SUL; -16.3623008728;-48.9271011353
SWDE;SÃO MIGUEL DO ARAGUAIA;GO;CENTRO-OESTE;BRASIL;AMÉRICA DO SUL; -12.822572;-50.328188
SWHG;SANTA HELENA DE GOIÁS;GO;CENTRO-OESTE;BRASIL;AMÉRICA DO SUL; -17.883888244628906;-50.567222595214844
SWHP;ÁGUA BOA;MT;CENTRO-OESTE;BRASIL;AMÉRICA DO SUL; -14.019444;-52.152222
SBCI;CAROLINA;MA;NORDESTE;BRASIL;AMÉRICA DO SUL; -7.32043981552124;-47.45869827270508
SWIQ;MINAÇU;GO;CENTRO-OESTE;BRASIL;AMÉRICA DO SUL; -13.544684;-48.194352
LSZH;ZÜRICH/KLOTEN;;;SUÍÇA;EUROPA; 47.464699;8.54917
SVMG;"PORLAMAR; ISLA MARGARITA";;;VENEZUELA;AMÉRICA DO SUL; 10.912603378295898;-63.96659851074219
KIAD;"WASHINGTON; DC";;;ESTADOS UNIDOS DA AMÉRICA;AMÉRICA DO NORTE; 38.94449997;-77.45580292
LPPT;LISBOA;;;PORTUGAL;EUROPA; 38.7813;-9.13592
LMML;LUQA;;;MALTA;EUROPA; 35.857498;14.4775
LPPR;PORTO;;;PORTUGAL;EUROPA; 41.2481002808;-8.68138980865
LTBA;ISTANBUL;;;TURQUIA;EUROPA; 40.976898;28.8146
SBTB;ORIXIMINÁ;PA;NORTE;BRASIL;AMÉRICA DO SUL; -1.489599943161;-56.396800994873
SBGV;GOVERNADOR VALADARES;MG;SUDESTE;BRASIL;AMÉRICA DO SUL; -18.89520072937;-41.982200622559
SBME;MACAÉ;RJ;SUDESTE;BRASIL;AMÉRICA DO SUL; -22.343000412;-41.7659988403
SNDT;DIAMANTINA;MG;SUDESTE;BRASIL;AMÉRICA DO SUL; -18.232000351;-43.650398254399995
SNJR;SÃO JOÃO DEL REI;MG;SUDESTE;BRASIL;AMÉRICA DO SUL; -21.0849990845;-44.2247238159
SNPD;PATOS DE MINAS;MG;SUDESTE;BRASIL;AMÉRICA DO SUL; -18.672800064086914;-46.4911994934082
SSDO;DOURADOS;MS;CENTRO-OESTE;BRASIL;AMÉRICA DO SUL; -22.2019;-54.926601
SBCR;CORUMBÁ;MS;CENTRO-OESTE;BRASIL;AMÉRICA DO SUL; -19.0119438171;-57.6713905334
SBDB;BONITO;MS;CENTRO-OESTE;BRASIL;AMÉRICA DO SUL; -21.2473;-56.4525
SBVH;VILHENA;RO;NORTE;BRASIL;AMÉRICA DO SUL; -12.694399833679;-60.098300933838
SBUA;SÃO GABRIEL DA CACHOEIRA;AM;NORTE;BRASIL;AMÉRICA DO SUL; -0.14835;-66.9855
SDCG;SÃO PAULO DE OLIVENÇA;AM;NORTE;BRASIL;AMÉRICA DO SUL; -3.46792950765;-68.9204120636
SWBC;BARCELOS;AM;NORTE;BRASIL;AMÉRICA DO SUL; -0.981292;-62.919601
SWEI;EIRUNEPÉ;AM;NORTE;BRASIL;AMÉRICA DO SUL; -6.639530181884766;-69.87979888916016
SWHT;HUMAITÁ;AM;NORTE;BRASIL;AMÉRICA DO SUL; -7.532120227810001;-63.072101593
SWLB;LÁBREA;AM;NORTE;BRASIL;AMÉRICA DO SUL; -7.278969764709473;-64.76950073242188
SWOB;FONTE BOA;AM;NORTE;BRASIL;AMÉRICA DO SUL; -2.5326099395800004;-66.0831985474
SWTP;SANTA ISABEL DO RIO NEGRO;AM;NORTE;BRASIL;AMÉRICA DO SUL; -0.3786;-64.9923
SBCM;FORQUILHINHA;SC;SUL;BRASIL;AMÉRICA DO SUL; -28.7244434357;-49.4213905334
SBVG;VARGINHA;MG;SUDESTE;BRASIL;AMÉRICA DO SUL; -21.5900993347;-45.4733009338
SBLE;LENÇÓIS;BA;NORDESTE;BRASIL;AMÉRICA DO SUL; -12.4822998047;-41.2770004272
SDAM;CAMPINAS;SP;SUDESTE;BRASIL;AMÉRICA DO SUL; -22.85919952392578;-47.10820007324219
SBBU;BAURU;SP;SUDESTE;BRASIL;AMÉRICA DO SUL; -22.3449993134;-49.0537986755
SBBZ;ARMAÇÃO DOS BÚZIOS;RJ;SUDESTE;BRASIL;AMÉRICA DO SUL; -22.770881;-41.96308
SBAG;ANGRA DOS REIS;RJ;SUDESTE;BRASIL;AMÉRICA DO SUL; -22.975494;-44.302849
SBJR;RIO DE JANEIRO;RJ;SUDESTE;BRASIL;AMÉRICA DO SUL; -22.987499;-43.369999
SDTK;PARATY;RJ;SUDESTE;BRASIL;AMÉRICA DO SUL; -23.224044;-44.723357
SDMC;MARICÁ;RJ;SUDESTE;BRASIL;AMÉRICA DO SUL; -22.9195;-42.830898
SBUY;COARI;AM;NORTE;BRASIL;AMÉRICA DO SUL;  -4.131443;-63.135322
SWUY;COARI;AM;NORTE;BRASIL;AMÉRICA DO SUL; -4.88422012329;-65.3554000854
SBJD;JUNDIAÍ;SP;SUDESTE;BRASIL;AMÉRICA DO SUL; -23.180369;-46.944408
OMDB;DUBAI INTERNATIONAL;;;EMIRADOS ÁRABES UNIDOS;ÁSIA; 25.2527999878;55.3643989563
KORD;"CHICAGO; ILLINOIS";;;ESTADOS UNIDOS DA AMÉRICA;AMÉRICA DO NORTE; 41.9786;-87.9048
KSFO;"SAN MATEO COUNTY; CALIFORNIA";;;ESTADOS UNIDOS DA AMÉRICA;AMÉRICA DO NORTE; 37.61899948120117;-122.375
KMSY;"NEW ORLEANS; LOUISIANA";;;ESTADOS UNIDOS DA AMÉRICA;AMÉRICA DO NORTE; 29.99340057373047;-90.25800323486328
KOKC;"OKLAHOMA CITY; OKLAHOMA";;;ESTADOS UNIDOS DA AMÉRICA;AMÉRICA DO NORTE; 35.39310073852539;-97.60070037841797
EDFH;RHINELAND-PALATINATE;;;ALEMANHA;EUROPA; 49.9487;7.26389
HSSS;KHARTOUM;;;SUDÃO;ÁFRICA; 15.589500427246094;32.553199768066406
SBER;EIRUNEPÉ;AM;NORTE;BRASIL;AMÉRICA DO SUL;  -6.636853;-69.883151
SBOI;OIAPOQUE;AP;NORTE;BRASIL;AMÉRICA DO SUL; 3.85548996925354;-51.79690170288086
SDVG;VOTUPORANGA;SP;SUDESTE;BRASIL;AMÉRICA DO SUL; -20.463199615478516;-50.00450134277344
SBDO;DOURADOS;MS;CENTRO-OESTE;BRASIL;AMÉRICA DO SUL; -22.197113;-54.924875
SLLP;LA PAZ;;;BOLÍVIA;AMÉRICA DO SUL; -16.5132999420166;-68.19229888916016
EGPK;"GLASGOW; SCOTLAND";;;REINO UNIDO;EUROPA; 55.5093994140625;-4.586669921875
SELT;LATACUNGA;;;EQUADOR;AMÉRICA DO SUL; -0.906833;-78.615799
EGNX;"EAST MIDLANDS; ENGLAND";;;REINO UNIDO;EUROPA; 52.8311004639;-1.32806003094
EDDV;HANOVER;;;ALEMANHA;EUROPA; 52.461101532;9.685079574580001
SVMC;"MARACAIBO; ZULIA";;;VENEZUELA;AMÉRICA DO SUL; 10.5582084656;-71.7278594971
KMZJ;"PINAL COUNTY; ARIZONA";;;ESTADOS UNIDOS DA AMÉRICA;AMÉRICA DO NORTE; 32.5106010437;-111.32800293
OBBI;AL MUHARRAQ;;;BAHREIN;ÁSIA; 26.27079963684082;50.63359832763672
KSUU;"FAIRFIELD; CALIFORNIA";;;ESTADOS UNIDOS DA AMÉRICA;AMÉRICA DO NORTE; 38.262699127197;-121.92700195312
DNMM;"IKEJA;  LAGOS STATE";;;NIGÉRIA;ÁFRICA; 6.5773701667785645;3.321160078048706
SPJC;"CALLAO/LIMA; LIMA METROPOLITAN AREA";;;PERU;AMÉRICA DO SUL; -12.024053;-77.112036
KGWO;"GREENWOOD; MISSISSIPPI";;;ESTADOS UNIDOS DA AMÉRICA;AMÉRICA DO NORTE; 33.4943008423;-90.0847015381
SAZS;"SAN CARLOS DE BARILOCHE; RÍO NEGRO PROVINCE";;;ARGENTINA;AMÉRICA DO SUL; -41.151199;-71.157501
KVCV;"VICTORVILLE; CALIFORNIA";;;ESTADOS UNIDOS DA AMÉRICA;AMÉRICA DO NORTE; 34.597499847399995;-117.383003235
LIPO;MONTICHIARI;;;ITÁLIA;EUROPA; 45.428902;10.3306
OMSJ;SHARJAH;;;EMIRADOS ÁRABES UNIDOS;ÁSIA; 25.32859992980957;55.5172004699707
VTBD;BANGKOK;;;TAILÂNDIA;ÁSIA; 13.9125995636;100.607002258
FGSL;MALABO;;;GUINÉ EQUATORIAL;ÁFRICA; 3.755270004272461;8.708720207214355
DNPO;"PORT HARCOURT;  RIVERS STATE";;;NIGÉRIA;ÁFRICA; 5.0154900550842285;6.94959020614624
HKJK;NAIROBI;;;QUÊNIA;ÁFRICA; -1.31923997402;36.9277992249
KSEA;"SEATTLE; WASHINGTON";;;ESTADOS UNIDOS DA AMÉRICA;AMÉRICA DO NORTE; 47.449001;-122.308998
FAUP;UPINGTON;;;ÁFRICA DO SUL;ÁFRICA; -28.39909935;21.260200500499998
HECA;CAIRO;;;EGITO;ÁFRICA; 30.12190055847168;31.40559959411621
FAOR;JOHANNESBURG;;;ÁFRICA DO SUL;ÁFRICA; -26.1392;28.246
PANC;"ANCHORAGE; ALASKA";;;ESTADOS UNIDOS DA AMÉRICA;AMÉRICA DO NORTE; 61.174400329589844;-149.99600219726562
RJCC;"CHITOSE; HOKKAIDO";;;JAPÃO;ÁSIA; 42.77519989013672;141.69200134277344
SCIE;CONCEPCIÓN;;;CHILE;AMÉRICA DO SUL; -36.772701;-73.063103
GBYD;BANJUL;;;GÂMBIA;ÁFRICA; 13.338000297546387;-16.65220069885254
FYWH;WINDHOEK;;;NAMÍBIA;ÁFRICA; -22.4799;17.4709
SEQM;QUITO;;;EQUADOR;AMÉRICA DO SUL; -0.129166666667;-78.3575
RJAA;"NARITA; CHIBA";;;JAPÃO;ÁSIA; 35.764702;140.386002
SDCO;SOROCABA;SP;SUDESTE;BRASIL;AMÉRICA DO SUL; -23.478001;-47.490002
SIMK;FRANCA;SP;SUDESTE;BRASIL;AMÉRICA DO SUL; -20.592199;-47.3829
SBBW;BARRA DO GARÇAS;MT;CENTRO-OESTE;BRASIL;AMÉRICA DO SUL; -15.861300468400001;-52.3889007568
FALA;LANSERIA;;;ÁFRICA DO SUL;ÁFRICA; -25.938499450699997;27.9260997772
FLLS;LUSAKA;;;ZÂMBIA;ÁFRICA; -15.3308;28.4526
SBGP;GAVIÃO PEIXOTO;SP;SUDESTE;BRASIL;AMÉRICA DO SUL; -21.773700714111328;-48.40510177612305
FACT;CAPE TOWN;;;ÁFRICA DO SUL;ÁFRICA; -33.9648017883;18.6016998291
YLIS;"LISMORE; NEW SOUTH WALES";;;AUSTRÁLIA;OCEANIA; -28.8302993774;153.259994507
ESSA;STOCKHOLM;;;SUÉCIA;EUROPA; 59.651901245117;17.918600082397
SDUB;UBATUBA;SP;SUDESTE;BRASIL;AMÉRICA DO SUL; -23.441099166870117;-45.075599670410156
SWYY;NOVA XAVANTINA;MT;CENTRO-OESTE;BRASIL;AMÉRICA DO SUL; -14.887778282165527;-52.27694320678711
SWDB;BARRA DO GARÇAS;MT;CENTRO-OESTE;BRASIL;AMÉRICA DO SUL; -15.576944;-52.218887
SNMH;PIRENÓPOLIS;GO;CENTRO-OESTE;BRASIL;AMÉRICA DO SUL; -4.476961;-43.889902
SJGU;ARAGUATINS;TO;NORTE;BRASIL;AMÉRICA DO SUL; -5.6844401359558105;-48.1156005859375
SNXL;QUERÊNCIA;MT;CENTRO-OESTE;BRASIL;AMÉRICA DO SUL; -12.616667;-52.153889
FVHA;HARARE;;;ZIMBÁBUE;ÁFRICA; -17.931801;31.0928
FCBB;BRAZZAVILLE;;;CONGO;ÁFRICA; -4.251699924468994;15.253000259399414
EBLG;LIÈGE;;;BÉLGICA;EUROPA; 50.63740158081055;5.443220138549805
EBBR;BRUSSELS/ZAVENTEM;;;BÉLGICA;EUROPA; 50.901401519800004;4.48443984985
VHHH;CHEK LAP KOK;;;HONG KONG;ÁSIA; 22.308901;113.915001
LFBD;BORDEAUX;;;FRANÇA;EUROPA; 44.828300476100004;-0.715556025505
WSSL;SELETAR;;;SINGAPURA;ÁSIA; 1.416949987411499;103.86799621582031
SAME;"MENDOZA; MENDOZA PROVINCE";;;ARGENTINA;AMÉRICA DO SUL; -32.8316993713;-68.7929000854
MMPR;"PUERTO VALLARTA; JALISCO";;;MÉXICO;AMÉRICA DO NORTE; 20.680099487304688;-105.25399780273438
TAPA;"SAINT JOHN´S; ANTIGUA";;;ANTÍGUA E BARBUDA;AMÉRICA CENTRAL; 17.1367;-61.792702
SBPC;POÇOS DE CALDAS;MG;SUDESTE;BRASIL;AMÉRICA DO SUL; -21.843000411987;-46.567901611328
SDRS;RESENDE;RJ;SUDESTE;BRASIL;AMÉRICA DO SUL; -22.4785003662;-44.4803009033
KCOE;"COEUR D´ALENE; IDAHO";;;ESTADOS UNIDOS DA AMÉRICA;AMÉRICA DO NORTE; 47.77429962;-116.8199997
UKLL;LVIV;;;UCRÂNIA;EUROPA; 49.8125;23.956100463867188
UWLW;VOSTOCHNY AIRPORT;;;RÚSSIA;EUROPA; 54.4010009765625;48.80270004272461
ENBR;"FLESLAND; BERGEN; HORDALAND";;;NORUEGA;EUROPA; 60.29339981;5.218140125
LFML;MARSEILLE;;;FRANÇA;EUROPA; 43.439271922;5.22142410278
UMMS;MINSK;;;BIELORRÚSSIA;EUROPA; 53.882499694824;28.030700683594
LBBG;BURGAS;;;BULGÁRIA;EUROPA; 42.56959915161133;27.515199661254883
UWUU;UFA;;;RÚSSIA;EUROPA; 54.557498931885;55.874401092529
EGSS;"LONDON; ENGLAND";;;REINO UNIDO;EUROPA; 51.8849983215;0.234999999404
RCKH;KAOHSIUNG CITY;;;FORMOSA (TAIWAN);ÁSIA; 22.57710075378418;120.3499984741211
UHHH;KHABAROVISK;;;RÚSSIA;EUROPA; 48.52799987793;135.18800354004
CYYT;ST. JOHN´S;;;CANADÁ;AMÉRICA DO NORTE; 47.618598938;-52.7518997192
KROW;"ROSWELL; NEW MEXICO";;;ESTADOS UNIDOS DA AMÉRICA;AMÉRICA DO NORTE; 33.301601;-104.530998
KELP;"EL PASO; TEXAS";;;ESTADOS UNIDOS DA AMÉRICA;AMÉRICA DO NORTE; 31.80719948;-106.3779984
SKPE;PEREIRA;;;COLÔMBIA;AMÉRICA DO SUL; 4.81267;-75.7395
MREC;EL CARMEN DE SIQUIRRES;;;COSTA RICA;AMÉRICA CENTRAL; 10.20199966430664;-83.47219848632812
KAFW;"FORT WORTH; TEXAS";;;ESTADOS UNIDOS DA AMÉRICA;AMÉRICA DO NORTE; 32.9875984192;-97.31880187990001
LEMG;MÁLAGA;;;ESPANHA;EUROPA; 36.67490005493164;-4.499110221862793
MTPP;PORT-DE-PAIX;;;HAITI;AMÉRICA CENTRAL; 18.579999923706055;-72.2925033569336
EGGW;"LONDON; ENGLAND";;;REINO UNIDO;EUROPA; 51.874698638916016;-0.36833301186561584
MMMY;MONTERREY;;;MÉXICO;AMÉRICA DO NORTE; 25.7784996033;-100.107002258
UUWW;MOSCOW;;;RÚSSIA;EUROPA; 55.5914993286;37.2615013123
CYOW;"OTTAWA; ONTARIO";;;CANADÁ;AMÉRICA DO NORTE; 45.3224983215332;-75.66919708251953
SBTV;PORTO SEGURO;BA;NORDESTE;BRASIL;AMÉRICA DO SUL; -16.54083251953125;-39.1077766418457
SUSO;"SALTO; SALTO";;;URUGUAI;AMÉRICA DO SUL; -31.438499450683594;-57.98529815673828
LEZG;ZARAGOZA;;;ESPANHA;EUROPA; 41.66619873046875;-1.0415500402450562
FWKI;LILONGWE;;;MALAUÍ;ÁFRICA; -13.7894001007;33.78099823
SAWC;"EL CALAFATE; SANTA CRUZ PROVINCE";;;ARGENTINA;AMÉRICA DO SUL; -50.2803;-72.053101
SKCG;CARTAGENA;;;COLÔMBIA;AMÉRICA DO SUL; 10.4424;-75.513
HAAB;ADDIS ABABA;;;ETIÓPIA;ÁFRICA; 8.97789001465;38.799301147499996
DXXX;LOMÉ;;;TOGO;ÁFRICA; 6.165609836578369;1.2545100450515747
FKKB;KRIBI;;;CAMARÕES;ÁFRICA; 2.8738899231;9.9777803421
FKKD;DOUALA;;;CAMARÕES;ÁFRICA; 4.0060801506;9.719479560849999
KBHM;"BIRMINGHAM; ALABAMA";;;ESTADOS UNIDOS DA AMÉRICA;AMÉRICA DO NORTE; 33.56290054;-86.75350189
SAZM;"MAR DEL PLATA; BUENOS AIRES PROVINCE";;;ARGENTINA;AMÉRICA DO SUL; -37.9342;-57.5733
EINN;"SHANNON; COUNTY CLARE";;;IRLANDA;EUROPA; 52.702;-8.92482
LHBP;BUDAPEST;;;HUNGRIA;EUROPA; 47.42976;19.261093
GMMX;MARRAKECH/MENARA;;;MARROCOS;ÁFRICA; 31.606899261499997;-8.03629970551
LEVT;ÁLAVA;;;ESPANHA;EUROPA; 42.8828010559082;-2.7244699001312256
EVRA;RIGA;;;LETÔNIA;EUROPA; 56.92359924316406;23.971099853515625
EGYP;FALKLAND ISLANDS;;;REINO UNIDO;EUROPA; -51.82279968261719;-58.447200775146484
SCTE;PUERTO MONTT;;;CHILE;AMÉRICA DO SUL; -41.438899993896484;-73.09400177001953
SPQT;"IQUITOS; LORETO REGION";;;PERU;AMÉRICA DO SUL; -3.7847399711608887;-73.30879974365234
TXKF;FERRY REACH;;;BERMUDAS;AMÉRICA DO NORTE; 32.36399841308594;-64.67870330810547
EDDP;LEIPZIG/HALLE;;;ALEMANHA;EUROPA; 51.423889;12.236389
SBLJ;LAGES;SC;SUL;BRASIL;AMÉRICA DO SUL; -27.782100677499997;-50.28150177
SSOE;SÃO MIGUEL DO OESTE;SC;SUL;BRASIL;AMÉRICA DO SUL; -26.781600952148438;-53.503501892089844
SWBR;BORBA;AM;NORTE;BRASIL;AMÉRICA DO SUL; -4.4063401222229;-59.60240173339844
SNEB;PARAGOMINAS;PA;NORTE;BRASIL;AMÉRICA DO SUL; -3.025278091430664;-47.31694412231445
SBMY;MANICORÉ;AM;NORTE;BRASIL;AMÉRICA DO SUL; -5.8113799095154;-61.278301239014
SWMW;MAUÉS;AM;NORTE;BRASIL;AMÉRICA DO SUL; -3.37217;-57.7248
SWNK;BOCA DO ACRE;AM;NORTE;BRASIL;AMÉRICA DO SUL; -8.83456;-67.312401
DBBB;COTONOU;;;BENIM;ÁFRICA; 6.357230186462402;2.384350061416626
SBTG;TRÊS LAGOAS;MS;CENTRO-OESTE;BRASIL;AMÉRICA DO SUL; -20.753672;-51.682110
SNVB;VALENÇA;BA;NORDESTE;BRASIL;AMÉRICA DO SUL; -13.2965;-38.992401
SSTL;TRÊS LAGOAS;MS;CENTRO-OESTE;BRASIL;AMÉRICA DO SUL; -20.754199981689;-51.684200286865
GMMN;CASABLANCA;;;MARROCOS;ÁFRICA; 33.36750030517578;-7.589970111846924
SBFC;FRANCA;SP;SUDESTE;BRASIL;AMÉRICA DO SUL; -20.584617;-47.381821
LTFJ;ISTANBUL;;;TURQUIA;EUROPA; 40.898601532;29.3092002869
HLMS;MISURATA;;;LÍBIA;ÁFRICA;  32.321913; 15.057406
SBPN;PORTO NACIONAL;TO;NORTE;BRASIL;AMÉRICA DO SUL; -10.719402;-48.3997
SWCB;CAMPOS BELOS;GO;CENTRO-OESTE;BRASIL;AMÉRICA DO SUL; -13.006213;-46.711208
SDOV;MOZARLÂNDIA;GO;CENTRO-OESTE;BRASIL;AMÉRICA DO SUL; -14.770400047302246;-50.5640983581543
SWVC;VILA RICA;MT;CENTRO-OESTE;BRASIL;AMÉRICA DO SUL; -9.979443550109863;-51.1422233581543
SJVO;ARAGARÇAS;GO;CENTRO-OESTE;BRASIL;AMÉRICA DO SUL; -15.8994;-52.2411
SNPP;CAIRUI;BA;NORDESTE;BRASIL;AMÉRICA DO SUL; -13.428781;-38.913689
SWWA;PORANGATU;GO;CENTRO-OESTE;BRASIL;AMÉRICA DO SUL; -13.404800415039062;-49.15829849243164
FPST;SÃO TOMÉ;;;SÃO TOMÉ E PRÍNCIPE;ÁFRICA; 0.3781749904155731;6.7121500968933105
GABS;BAMAKO;;;MALI;ÁFRICA; 12.5335;-7.94994
LFOK;CHÂLONS-EN-CHAMPAGNE;;;FRANÇA;EUROPA; 48.7733333333;4.206111111
FCPP;POINTE-NOIRE;;;CONGO;ÁFRICA; -4.816030025482178;11.88659954071045
VOBL;BENGALURU;;;ÍNDIA;ÁSIA; 13.1979;77.706299
LFPB;PARIS;;;FRANÇA;EUROPA; 48.969398498535156;2.441390037536621
MMTP;"TAPACHULA; CHIAPAS";;;MÉXICO;AMÉRICA DO NORTE; 14.7943000793;-92.3700027466
SBSG;SÃO GONÇALO DO AMARANTE;RN;NORDESTE;BRASIL;AMÉRICA DO SUL; -5.768056;-35.376111
OEJN;JEDDAH;;;ARÁBIA SAUDITA;ÁSIA; 21.6796;39.156502
GMAD;AGADIR/ AL MASSLRA;;;MARROCOS;ÁFRICA; 30.325000762939453;-9.413069725036621
UNNT;NOVOSIBIRSK;;;RÚSSIA;EUROPA; 55.012599945068;82.650703430176
GMME;RABAT;;;MARROCOS;ÁFRICA; 34.051498;-6.75152
EDDK;COLOGNE/BONN;;;ALEMANHA;EUROPA; 50.8658981323;7.1427397728
UIUU;ULAN-UDE;;;RÚSSIA;EUROPA; 51.80780029296875;107.43800354003906
KONT;"ONTARIO; CALIFORNIA";;;ESTADOS UNIDOS DA AMÉRICA;AMÉRICA DO NORTE; 34.055999755859375;-117.60099792480469
SVCP;CARUPANO;;;VENEZUELA;AMÉRICA DO SUL; 10.660014152526855;-63.261680603027344
SIRI;MARAÚ;BA;NORDESTE;BRASIL;AMÉRICA DO SUL; -13.906044;-38.939978
SNGR;CUMARU DO NORTE;PA;NORTE;BRASIL;AMÉRICA DO SUL; -7.783610820770264;-51.133888244628906
UUEE;MOSCOW;;;RÚSSIA;EUROPA; 55.972599;37.4146
LFPO;ORLY (NEAR PARIS);;;FRANÇA;EUROPA; 48.7233333;2.3794444
SAMA;GENERAL ALVEAR;;;ARGENTINA;AMÉRICA DO SUL; -35.058898925799994;-67.6928024292
SAMM;"MALARGÜE; MENDOZA PROVINCE";;;ARGENTINA;AMÉRICA DO SUL; -35.493598938;-69.5743026733
SAVT;TRELEW;;;ARGENTINA;AMÉRICA DO SUL; -43.2105;-65.2703
EGCC;"MANCHESTER; ENGLAND";;;REINO UNIDO;EUROPA; 53.35369873046875;-2.2749500274658203
EHRD;ROTTERDAM;;;HOLANDA;EUROPA; 51.956902;4.43722
MMTO;TOLUCA;;;MÉXICO;AMÉRICA DO NORTE; 19.3370990753;-99.56600189210002
SBPB;PARNAÍBA;PI;NORDESTE;BRASIL;AMÉRICA DO SUL; -2.89374995232;-41.73199844359999
SNTF;TEIXEIRA DE FREITAS;BA;NORDESTE;BRASIL;AMÉRICA DO SUL; -17.524499893188;-39.66849899292
SNJD;FEIRA DE SANTANA;BA;NORDESTE;BRASIL;AMÉRICA DO SUL; -12.2003;-38.906799
LEZL;SEVILLA;;;ESPANHA;EUROPA; 37.417999267578125;-5.8931097984313965
MUCU;"SANTIAGO DE CUBA; SANTIAGO DE CUBA";;;CUBA;AMÉRICA CENTRAL; 19.96980094909668;-75.83540344238281
MUHG;"HOLGUÍN; HOLGUÍN";;;CUBA;AMÉRICA CENTRAL; 20.785600662231445;-76.31510162353516
EFHK;VANTAA;;;FINLÂNDIA;EUROPA; 60.317199707031;24.963300704956
DIAP;ABIDJAN;;;COSTA DO MARFIM;ÁFRICA; 5.261390209197998;-3.9262900352478027
EDDT;BERLIN;;;ALEMANHA;EUROPA; 52.5597;13.2877
FKYS;YAOUNDÉ;;;CAMARÕES;ÁFRICA; 3.722559928894043;11.553299903869629
MZBZ;BELIZE;;;BELIZE;AMÉRICA CENTRAL; 17.539100646972656;-88.30819702148438
EKCH;KASTRUP NEAR COPENHAGEN;;;ILHAS FEROÉ;EUROPA; 55.617900848389;12.656000137329
KDHN;"DOTHAN; ALABAMA";;;ESTADOS UNIDOS DA AMÉRICA;AMÉRICA DO NORTE; 31.321300506591797;-85.44960021972656
LTAI;ANTALYA;;;TURQUIA;EUROPA; 36.898701;30.800501
SBSC;RIO DE JANEIRO;RJ;SUDESTE;BRASIL;AMÉRICA DO SUL; -22.9324;-43.719101
GVPR;PRAIA;;;CABO VERDE;ÁFRICA;  14.941482;-23.484557
EGDX;"ST ATHAN; WALES";;;REINO UNIDO;EUROPA; 51.4048;-3.43575
EGSH;"NORWICH; ENGLAND";;;REINO UNIDO;EUROPA; 52.6758003235;1.28278005123
MDLR;LA ROMANA;;;REPÚBLICA DOMINICANA;AMÉRICA CENTRAL; 18.450700759887695;-68.91179656982422
KPDX;"PORTLAND; OREGON";;;ESTADOS UNIDOS DA AMÉRICA;AMÉRICA DO NORTE; 45.58869934;-122.5979996
EGMH;"RAMSGATE; ENGLAND";;;REINO UNIDO;EUROPA; 51.342201;1.34611
CYWG;"WINNIPEG; MANITOBA";;;CANADÁ;AMÉRICA DO NORTE; 49.909999847399995;-97.2398986816
EGNT;"NEWCASTLE UPON TYNE; ENGLAND";;;REINO UNIDO;EUROPA; 55.037498474121094;-1.6916699409484863
FQMA;MAPUTO;;;MOÇAMBIQUE;ÁFRICA; -25.920799;32.572601
MMQT;"QUERÉTARO; QUERÉTARO";;;MÉXICO;AMÉRICA DO NORTE; 20.6173;-100.185997
EGKK;"LONDON; ENGLAND";;;REINO UNIDO;EUROPA; 51.148102;-0.190278
LPLA;TERCEIRA ISLAND/PRAIA DA VITORIA/ANGRA DO HEROÍSMO AREA;;;PORTUGAL;EUROPA; 38.761799;-27.090799
SCSE;LA SERENA;;;CHILE;AMÉRICA DO SUL; -29.916201;-71.199501
LFSB;"MULHOUSE; FRANCE/BASEL; SWITZERLAND";;;FRANÇA;EUROPA; 47.59;7.529167
MSLP;SAN SALVADOR;;;EL SALVADOR;AMÉRICA CENTRAL; 13.4409;-89.055702
SSRS;BARREIRINHAS;MA;NORDESTE;BRASIL;AMÉRICA DO SUL; -27.191944122314453;-49.831390380859375
SBIC;ITACOATIARA;AM;NORTE;BRASIL;AMÉRICA DO SUL; -3.1272599697113037;-58.481201171875
SBMT;SÃO PAULO;SP;SUDESTE;BRASIL;AMÉRICA DO SUL; -23.5090999603;-46.6377983093
SWZM;SÃO SIMÃO;GO;CENTRO-OESTE;BRASIL;AMÉRICA DO SUL; -18.986499786376953;-50.5635986328125
SNBX;BARRA;BA;NORDESTE;BRASIL;AMÉRICA DO SUL; -11.08080005645752;-43.147499084472656
SWWU;URUAÇU;GO;CENTRO-OESTE;BRASIL;AMÉRICA DO SUL; -14.525555610656738;-49.137779235839844
SWPQ;PORTO ALEGRE DO NORTE;MT;CENTRO-OESTE;BRASIL;AMÉRICA DO SUL; -10.861110687256;-51.685001373291
SWXV;NOVA XAVANTINA;MT;CENTRO-OESTE;BRASIL;AMÉRICA DO SUL; -14.6983003616333;-52.34640121459961
SNMJ;MARACÁS;BA;NORDESTE;BRASIL;AMÉRICA DO SUL; -13.433300018299999;-40.4333000183
SNBM;MURIAÉ;MG;SUDESTE;BRASIL;AMÉRICA DO SUL; -21.126100540161133;-42.39440155029297
SWYK;POCONÉ;MT;CENTRO-OESTE;BRASIL;AMÉRICA DO SUL; -17.062599182128906;-56.58369827270508
SNQW;JACAREACANGA;PA;NORTE;BRASIL;AMÉRICA DO SUL; -7.564736;-57.739871
SSND;SÃO FÉLIX DO ARAGUAIA;MT;CENTRO-OESTE;BRASIL;AMÉRICA DO SUL; -11.16;-52.82
SIQE;BRASÍLIA;DF;CENTRO-OESTE;BRASIL;AMÉRICA DO SUL; -15.937469;-47.726636
SSNC;APORÉ;GO;CENTRO-OESTE;BRASIL;AMÉRICA DO SUL; -18.945618;-51.923416
SWEK;CANARANA;MT;CENTRO-OESTE;BRASIL;AMÉRICA DO SUL; -13.574443817138672;-52.27055740356445
SWUA;SÃO MIGUEL DO ARAGUAIA;GO;CENTRO-OESTE;BRASIL;AMÉRICA DO SUL; -13.331299781799316;-50.197601318359375
SWNH;ARUANÃ;GO;CENTRO-OESTE;BRASIL;AMÉRICA DO SUL; -14.932499885559082;-51.048099517822266
SSAC;SORRISO;MT;CENTRO-OESTE;BRASIL;AMÉRICA DO SUL; -19.7080554962;-55.4211120605
SJQP;COCALINHO;MT;CENTRO-OESTE;BRASIL;AMÉRICA DO SUL; -12.801619;-50.628347
SWDM;DIAMANTINO;MT;CENTRO-OESTE;BRASIL;AMÉRICA DO SUL; -14.376899719238281;-56.40039825439453
SBIT;ITUMBIARA;GO;CENTRO-OESTE;BRASIL;AMÉRICA DO SUL; -18.4447002411;-49.2134017944
DRRN;NIAMEY;;;NÍGER;ÁFRICA; 13.4815;2.18361
SBGS;PONTA GROSSA;PR;SUL;BRASIL;AMÉRICA DO SUL; -25.188309;-50.141848
KMCI;"KANSAS CITY; MISSOURI";;;ESTADOS UNIDOS DA AMÉRICA;AMÉRICA DO NORTE; 39.2976;-94.713898
EGVN;"BRIZE NORTON; ENGLAND";;;REINO UNIDO;EUROPA; 51.75;-1.58362
LEST;LA CORUÑA;;;ESPANHA;EUROPA; 42.89630126953125;-8.415140151977539
SKLT;LETICIA;;;COLÔMBIA;AMÉRICA DO SUL; -4.19355;-69.9432
OMDW;JEBEL ALI;;;EMIRADOS ÁRABES UNIDOS;ÁSIA; 24.896356;55.161389
FZQA;LUBUMBASHI;;;REPÚBLICA DEMOCRÁTICA DO CONGO;ÁFRICA; -11.5913000107;27.5308990479
LKPR;PRAGUE;;;REPÚBLICA TCHECA;EUROPA; 50.1008;14.26
VAAH;AHMEDABAD;;;ÍNDIA;ÁSIA; 23.0771999359;72.63469696039999
URMM;MINERALNYE VODY;;;RÚSSIA;EUROPA; 44.225101470947266;43.08190155029297
SNDH;BARREIRAS;BA;NORDESTE;BRASIL;AMÉRICA DO SUL; -12.162858;-45.033695
SNIC;IRECÊ;BA;NORDESTE;BRASIL;AMÉRICA DO SUL; -11.339900016784668;-41.84700012207031
SASA;"SALTA; SALTA PROVINCE";;;ARGENTINA;AMÉRICA DO SUL; -24.856000900299996;-65.4861984253
HTKJ;MOUNT KILIMANJARO;;;TANZÂNIA;ÁFRICA; -3.42940998077;37.0745010376
VDSR;SIEM REAP;;;CAMBOJA;ÁSIA; 13.410699844400002;103.81300354
VIDP;NEW DELHI;;;ÍNDIA;ÁSIA; 28.5665;77.103104
YSSY;"MASCOT; NEW SOUTH WALES";;;AUSTRÁLIA;OCEANIA; -33.94609832763672;151.177001953125
NTAA;TAHITI;;;POLINÉSIA FRANCESA;OCEANIA; -17.553699;-149.606995
SCIP;EASTER ISLAND (ISLA DE PASCUA);;;CHILE;AMÉRICA DO SUL; -27.1648006439;-109.42199707
SASO;"ORÁN; SALTA PROVINCE";;;ARGENTINA;AMÉRICA DO SUL; -23.1527996063;-64.3292007446
DNYO;"YOLA;  ADAMAWA STATE";;;NIGÉRIA;ÁFRICA; 9.257550239562988;12.430399894714355
KCWF;"LAKE CHARLES; LOUISIANA";;;ESTADOS UNIDOS DA AMÉRICA;AMÉRICA DO NORTE; 30.2105998993;-93.14320373540001
EKBI;BILLUND;;;ILHAS FEROÉ;EUROPA; 55.7402992249;9.15178012848
GCXO;TENERIFE;;;ESPANHA;EUROPA; 28.4827003479;-16.3414993286
KSGF;"SPRINGFIELD; MISSOURI";;;ESTADOS UNIDOS DA AMÉRICA;AMÉRICA DO NORTE; 37.24570084;-93.38860321
SBFE;FEIRA DE SANTANA;BA;NORDESTE;BRASIL;AMÉRICA DO SUL; -12.203116;-38.906327
SNDV;DIVINÓPOLIS;MG;SUDESTE;BRASIL;AMÉRICA DO SUL; -20.180700302124;-44.870899200439
EDDR;SAARBRÜCKEN;;;ALEMANHA;EUROPA; 49.214599609400004;7.10950994492
SBRD;RONDONÓPOLIS;MT;CENTRO-OESTE;BRASIL;AMÉRICA DO SUL; -16.588653;-54.721960
LFBF;TOULOUSE;;;FRANÇA;EUROPA; 43.54560089111328;1.3674999475479126
EGPF;"GLASGOW; SCOTLAND";;;REINO UNIDO;EUROPA; 55.871899;-4.43306
KCVG;"HEBRON; KENTUCKY";;;ESTADOS UNIDOS DA AMÉRICA;AMÉRICA DO NORTE; 39.048801;-84.667801
KHOU;"HOUSTON; TEXAS";;;ESTADOS UNIDOS DA AMÉRICA;AMÉRICA DO NORTE; 29.64539909;-95.27890015
KLIT;"LITTLE ROCK; ARKANSAS";;;ESTADOS UNIDOS DA AMÉRICA;AMÉRICA DO NORTE; 34.729400634799994;-92.2242965698
HSMR;MEROWE;;;SUDÃO;ÁFRICA; 18.455;31.8185
VOMM;CHENNAI/MADRAS;;;ÍNDIA;ÁSIA; 12.990005493164062;80.16929626464844
SVPR;"CIUDAD GUAYANA; BOLÍVAR";;;VENEZUELA;AMÉRICA DO SUL; 8.288530349731445;-62.760398864746094
DABT;BATNA;;;ARGÉLIA;ÁFRICA; 35.752101898199996;6.308589935300001
DAAG;ALGIERS;;;ARGÉLIA;ÁFRICA; 36.691001892089844;3.215409994125366
EDDS;STUTTGART;;;ALEMANHA;EUROPA; 48.689899444599995;9.22196006775
KBGR;"BANGOR; MAINE";;;ESTADOS UNIDOS DA AMÉRICA;AMÉRICA DO NORTE; 44.80739974975586;-68.8281021118164
TTCP;"SCARBOROUGH; TOBAGO";;;TRINIDAD E TOBAGO;AMÉRICA CENTRAL; 11.149700164794922;-60.83219909667969
MSSS;SAN SALVADOR;;;EL SALVADOR;AMÉRICA CENTRAL; 13.69950008392334;-89.11990356445312
SEMT;MANTA;;;EQUADOR;AMÉRICA DO SUL; -0.9460780024528503;-80.67880249023438
SCTC;TEMUCO;;;CHILE;AMÉRICA DO SUL; -38.766799926758;-72.637100219727
TFFF;"LE LAMENTIN; FORT-DE-FRANCE";;;MARTINICA;AMÉRICA DO NORTE; 14.590999603271484;-61.00320053100586
CYYC;"CALGARY; ALBERTA";;;CANADÁ;AMÉRICA DO NORTE; 51.113899231;-114.019996643
KRSW;"SOUTH FORT MYERS; FLORIDA";;;ESTADOS UNIDOS DA AMÉRICA;AMÉRICA DO NORTE; 26.53619956970215;-81.75520324707031
KRIV;"RIVERSIDE; CALIFORNIA";;;ESTADOS UNIDOS DA AMÉRICA;AMÉRICA DO NORTE; 33.880699;-117.259003
SCFA;ANTOFAGASTA;;;CHILE;AMÉRICA DO SUL; -23.444501;-70.445099
LICC;CATANIA;;;ITÁLIA;EUROPA; 37.466801;15.0664
OERK;RIAD/KING KHALED INTL;;;ARÁBIA SAUDITA;ÁSIA; 24.957599639892578;46.69879913330078
GMFK;"ERRACHIDIA; MEKNÈS-TAFILALET";;;MARROCOS;ÁFRICA; 31.9475002289;-4.39833021164
OOMS;MUSCAT;;;OMÃ;ÁSIA; 23.593299865722656;58.284400939941406
LZIB;BRATISLAVA;;;ESLOVÁQUIA;EUROPA; 48.17020034790039;17.21269989013672
SBYA;SÃO GABRIEL DA CACHOEIRA;AM;NORTE;BRASIL;AMÉRICA DO SUL; 0.6075000166893;-69.18579864502
SBLN;LINS;SP;SUDESTE;BRASIL;AMÉRICA DO SUL; -21.663999557495;-49.730499267578
SWJP;JAPURÁ;AM;NORTE;BRASIL;AMÉRICA DO SUL; -1.4039299488067627;-69.42379760742188
CYQB;"QUEBEC CITY; QUEBEC";;;CANADÁ;AMÉRICA DO NORTE; 46.7911;-71.393303
OTHH;DOHA;;;QATAR;ÁSIA; 25.273056;51.608056
SVBC;"BARCELONA; ANZOÁTEGUI";;;VENEZUELA;AMÉRICA DO SUL; 10.111111;-64.692222
SBJA;JAGUARUNA;SC;SUL;BRASIL;AMÉRICA DO SUL; -28.6753;-49.0596
LFBT;TARBES;;;FRANÇA;EUROPA; 43.1786994934082;-0.006438999902456999
LFMT;MONTPELLIER;;;FRANÇA;EUROPA; 43.57619857788086;3.96301007270813
CYUL;"MONTREAL; QUEBEC";;;CANADÁ;AMÉRICA DO NORTE; 45.4706001282;-73.7407989502
DNAA;"ABUJA;  FCT";;;NIGÉRIA;ÁFRICA; 9.006790161132812;7.263169765472412
KMDT;"MIDDLETOWN; PENNSYLVANIA";;;ESTADOS UNIDOS DA AMÉRICA;AMÉRICA DO NORTE; 40.1935005188;-76.7633972168
ETNL;ROSTOCK;;;ALEMANHA;EUROPA; 53.9182014465;12.278300285299999
USCC;CHELYABINSK;;;RÚSSIA;EUROPA; 55.305801;61.5033
CYVR;"VANCOUVER; BRITISH COLUMBIA";;;CANADÁ;AMÉRICA DO NORTE; 49.193901062;-123.183998108
SNTI;ÓBIDOS;PA;NORTE;BRASIL;AMÉRICA DO SUL; -1.867169976234436;-55.514400482177734
SNAV;JUAZEIRO;BA;NORDESTE;BRASIL;AMÉRICA DO SUL; -9.50417;-40.36944
SNUU;UAUÁ;BA;NORDESTE;BRASIL;AMÉRICA DO SUL; -9.835000038146973;-39.49444580078125
SNIU;IPIAÚ;BA;NORDESTE;BRASIL;AMÉRICA DO SUL; -14.133889198303223;-39.733890533447266
OPLA;LAHORE;;;PAQUISTÃO;ÁSIA; 31.5216007232666;74.40360260009766
SCCI;PUNTA ARENAS;;;CHILE;AMÉRICA DO SUL; -53.002602;-70.854599
UBBB;BAKU;;;AZERBAIJÃO;ÁSIA; 40.467498779296875;50.04669952392578
RJTT;"OTA; TOKYO";;;JAPÃO;ÁSIA; 35.552299;139.779999
LFTW;NÎMES;;;FRANÇA;EUROPA; 43.75740051269531;4.4163498878479
SBTL;TELÊMACO BORBA;PR;SUL;BRASIL;AMÉRICA DO SUL; -24.317801;-50.6516
SBSO;SORRISO;MT;CENTRO-OESTE;BRASIL;AMÉRICA DO SUL; -12.479177;-55.672341
SSZW;PONTA GROSSA;PR;SUL;BRASIL;AMÉRICA DO SUL; -25.1847;-50.1441
EGBB;"BIRMINGHAM; ENGLAND";;;REINO UNIDO;EUROPA; 52.453899383499994;-1.74802994728
KVQQ;"JACKSONVILLE; FLORIDA";;;ESTADOS UNIDOS DA AMÉRICA;AMÉRICA DO NORTE; 30.2187004089;-81.876701355
KSBD;"SAN BERNARDINO; CALIFORNIA";;;ESTADOS UNIDOS DA AMÉRICA;AMÉRICA DO NORTE; 34.0954017639;-117.23500061
SVVG;EL VIGIA;;;VENEZUELA;AMÉRICA DO SUL; 8.624139;-71.672668
EGNL;"BARROW-IN-FURNESS; ENGLAND";;;REINO UNIDO;EUROPA; 54.1286111;-3.2675
LBSF;SOFIA;;;BULGÁRIA;EUROPA; 42.696693420410156;23.411436080932617
KBKV;"BROOKSVILLE; FLORIDA";;;ESTADOS UNIDOS DA AMÉRICA;AMÉRICA DO NORTE; 28.47360039;-82.45539856
SWEE;ATALAIA DO NORTE;AM;NORTE;BRASIL;AMÉRICA DO SUL; -4.52377986908;-71.560798645
LSGG;GENEVA;;;SUÍÇA;EUROPA; 46.23809814453125;6.108950138092041
MMSD;"LOS CABOS; BAJA CALIFORNIA SUR";;;MÉXICO;AMÉRICA DO NORTE; 23.15180015563965;-109.72100067138672
EGBP;"KEMBLE; ENGLAND";;;REINO UNIDO;EUROPA; 51.668095;-2.05694
SCAR;ARICA;;;CHILE;AMÉRICA DO SUL; -18.348499;-70.338699
KSAT;"SAN ANTONIO; TEXAS";;;ESTADOS UNIDOS DA AMÉRICA;AMÉRICA DO NORTE; 29.533701;-98.469803
KSTL;"ST. LOUIS; MISSOURI";;;ESTADOS UNIDOS DA AMÉRICA;AMÉRICA DO NORTE; 38.748697;-90.370003
UTTT;TASHKENT;;;UZBEQUISTÃO;ÁSIA; 41.257900238;69.2811965942
CYQX;"GANDER; NEWFOUNDLAND AND LABRADOR";;;CANADÁ;AMÉRICA DO NORTE; 48.9369010925293;-54.56809997558594
LFLX;"CHÂTEAUROUX; DÉOLS";;;FRANÇA;EUROPA; 46.860278;1.721111
KMSP;"BLOOMINGTON; MINNESOTA";;;ESTADOS UNIDOS DA AMÉRICA;AMÉRICA DO NORTE; 44.882;-93.221802
SWNB;LUÍS EDUARDO MAGALHÃES;BA;NORDESTE;BRASIL;AMÉRICA DO SUL; -14.707221984863281;-56.33833312988281
SNIP;ITAPETINGA;BA;NORDESTE;BRASIL;AMÉRICA DO SUL; -15.244500160217285;-40.277198791503906
LOWW;WIEN/SCHWECHAT;;;ÁUSTRIA;EUROPA; 48.110298156738;16.569700241089
KHSA;"BAY ST. LOUIS; MISSISSIPPI";;;ESTADOS UNIDOS DA AMÉRICA;AMÉRICA DO NORTE; 30.367799758911133;-89.45459747314453
BIKF;KEFLAVÍK;;;ISLÂNDIA;EUROPA; 63.985001;-22.6056
SBJE;CRUZ;CE;NORDESTE;BRASIL;AMÉRICA DO SUL;  -2.906526;-40.345086
SANR;TERMAS DE RÍO HONDO;;;ARGENTINA;AMÉRICA DO SUL; -27.4966;-64.93595
SARE;"RESISTENCIA; CHACO PROVINCE";;;ARGENTINA;AMÉRICA DO SUL; -27.45;-59.0561
GQNN;NOUAKCHOTT;;;MAURITÂNIA;ÁFRICA; 18.0982;-15.9485
LETL;TERUEL;;;ESPANHA;EUROPA; 40.403;-1.2183
SVBI;"BARINAS; BARINAS STATE";;;VENEZUELA;AMÉRICA DO SUL; 8.615;-70.21416667
MMMA;MATAMOROS;;;MÉXICO;AMÉRICA DO NORTE; 25.7698993683;-97.5252990723
MMTY;MONTERREY FIR/UIR;;;MÉXICO;AMÉRICA DO NORTE; 25.777819;-100.107985
EPWA;WARSAW;;;POLÔNIA;EUROPA; 52.1656990051;20.967100143399996
CYHN;"HORNEPAYNE; ONTARIO";;;CANADÁ;AMÉRICA DO NORTE; 49.19309997558594;-84.75890350341797
KFSO;"HIGHGATE; VERMONT";;;ESTADOS UNIDOS DA AMÉRICA;AMÉRICA DO NORTE; 44.94029999;-73.09750366
LGAV;ATHENS (ATHINA);;;GRÉCIA;EUROPA; 37.9364013672;23.9444999695
LKMT;OSTRAVA;;;REPÚBLICA TCHECA;EUROPA; 49.6963005065918;18.111099243164062
EDDB;BERLIN;;;ALEMANHA;EUROPA; 52.380001;13.5225
SAZN;"NEUQUÉN; NEUQUÉN PROVINCE";;;ARGENTINA;AMÉRICA DO SUL; -38.949001;-68.155701
EIDW;DUBLIN;;;IRLANDA;EUROPA; 53.421299;-6.27007
CYYL;LYNN LAKE;;;CANADÁ;AMÉRICA DO NORTE; 56.86389923095703;-101.07599639892578
CYLU;"KANGIQSUALUJJUAQ; QUEBEC";;;CANADÁ;AMÉRICA DO NORTE; 58.71139907836914;-65.9927978515625
KDEN;"DENVER; COLORADO";;;ESTADOS UNIDOS DA AMÉRICA;AMÉRICA DO NORTE; 39.861698150635;-104.672996521
EDNY;FRIEDRICHSHAFEN;;;ALEMANHA;EUROPA; 47.671298980699994;9.51148986816
KRIC;"SANDSTON; VIRGINIA";;;ESTADOS UNIDOS DA AMÉRICA;AMÉRICA DO NORTE; 37.50519943237305;-77.3197021484375
ESGG;GÖTEBORG;;;SUÉCIA;EUROPA; 57.662799835205;12.279800415039
SAVC;"COMODORO RIVADAVIA; CHUBUT PROVINCE";;;ARGENTINA;AMÉRICA DO SUL; -45.7853;-67.4655
GOBD;DAKAR;;;SENEGAL;ÁFRICA; 14.67;-17.073333
LICJ;PALERMO/PUNTA RAISI;;;ITÁLIA;EUROPA; 38.175999;13.091
LSGL;LAUSANNE / BLÉCHERETTE;;;SUÍÇA;EUROPA; 46.5453;6.61667
FASU;SACE;;;ÁFRICA DO SUL;ÁFRICA; -25.956899642944336;29.211700439453125
SAOU;"SAN LUIS; SAN LUIS PROVINCE";;;ARGENTINA;AMÉRICA DO SUL; -33.2732009888;-66.3563995361
SNHS;SERRA TALHADA;PE;NORDESTE;BRASIL;AMÉRICA DO SUL; -8.0623998642;-38.3288002014
SBPG;PONTA GROSSA;PR;SUL;BRASIL;AMÉRICA DO SUL; -25.188309;-50.141848
SABG;BUENOS AIRES GENDARMERIA;;;ARGENTINA;AMÉRICA DO SUL; -34.558031;-58.417009
LFRB;BREST;;;FRANÇA;EUROPA; 48.447898864746094;-4.418540000915527
MHLM;LA MESA (NEAR SAN PEDRO SULA) (MHSP);;;HONDURAS;AMÉRICA CENTRAL; 15.4526;-87.923599
ESNQ;KIRUNA;;;SUÉCIA;EUROPA; 67.821998596191;20.336799621582
SVMT;"MATURÍN; MONAGAS";;;VENEZUELA;AMÉRICA DO SUL; 9.75452995300293;-63.14739990234375
KNKX;"SAN DIEGO; CALIFORNIA";;;ESTADOS UNIDOS DA AMÉRICA;AMÉRICA DO NORTE; 32.86840057;-117.1429977
SNAR;ALMENARA;MG;SUDESTE;BRASIL;AMÉRICA DO SUL; -16.18389;-40.66722
SNCT;UBAPORANGA;MG;SUDESTE;BRASIL;AMÉRICA DO SUL; -19.725299835205078;-42.112098693847656
SNJM;MANHUAÇU;MG;SUDESTE;BRASIL;AMÉRICA DO SUL; -20.259721755981445;-42.18388748168945
SNOS;PASSOS;MG;SUDESTE;BRASIL;AMÉRICA DO SUL; -20.732200622558594;-46.661800384521484
SNTO;TEÓFILO OTONI;MG;SUDESTE;BRASIL;AMÉRICA DO SUL; -17.89229965209961;-41.51359939575195
SNUI;ARAÇUAÍ;MG;SUDESTE;BRASIL;AMÉRICA DO SUL; -16.85260009765625;-42.045101165771484
SNVC;VIÇOSA;MG;SUDESTE;BRASIL;AMÉRICA DO SUL; -20.744722366333008;-42.84194564819336
SNNU;NANUQUE;MG;SUDESTE;BRASIL;AMÉRICA DO SUL; -17.823299407958984;-40.329898834228516
SNZA;POUSO ALEGRE;MG;SUDESTE;BRASIL;AMÉRICA DO SUL; -22.289199829101562;-45.91910171508789
SNZR;PARACATU;MG;SUDESTE;BRASIL;AMÉRICA DO SUL; -17.242599487304688;-46.88309860229492
SNFE;ALFENAS;MG;SUDESTE;BRASIL;AMÉRICA DO SUL; -21.4314;-45.932098
SNFO;FORMIGA;MG;SUDESTE;BRASIL;AMÉRICA DO SUL; -20.395299911499023;-45.48360061645508
SNGX;GUAXUPÉ;MG;SUDESTE;BRASIL;AMÉRICA DO SUL; -21.326400756835938;-46.731201171875
SNPJ;PATROCÍNIO;MG;SUDESTE;BRASIL;AMÉRICA DO SUL; -18.909400939941406;-46.98270034790039
SNUH;PIUMHI;MG;SUDESTE;BRASIL;AMÉRICA DO SUL; -20.438600540200003;-45.992801666300004
SWLF;CAMPO FLORIDO;MG;SUDESTE;BRASIL;AMÉRICA DO SUL; -15.620278358459473;-58.20888900756836
SNPY;SÃO SEBASTIÃO DO PARAÍSO;MG;SUDESTE;BRASIL;AMÉRICA DO SUL; -20.948200225830078;-46.98320007324219
SNXB;CAXAMBU;MG;SUDESTE;BRASIL;AMÉRICA DO SUL; -21.91699981689453;-44.96820068359375
SNLO;SÃO LOURENÇO;MG;SUDESTE;BRASIL;AMÉRICA DO SUL; -22.090900421142578;-45.044498443603516
EDDL;DÜSSELDORF;;;ALEMANHA;EUROPA; 51.289501;6.76678
SVBM;BARQUISIMETO;;;VENEZUELA;AMÉRICA DO SUL; 10.042746543884277;-69.3586196899414
KBDL;"WINDSOR LOCKS; CONNECTICUT (NEAR HARTFORD)";;;ESTADOS UNIDOS DA AMÉRICA;AMÉRICA DO NORTE; 41.9388999939;-72.68319702149999
SPSO;"PISCO; ICA REGION";;;PERU;AMÉRICA DO SUL; -13.74489974975586;-76.22029876708984
SSCL;CASSILÂNDIA;MS;CENTRO-OESTE;BRASIL;AMÉRICA DO SUL; -19.146861;-51.676941
SEGS;GALÁPAGOS (BALTRA);;;EQUADOR;AMÉRICA DO SUL; -0.45375800132751465;-90.26589965820312
LFRG;DEAUVILLE;;;FRANÇA;EUROPA; 49.3652992249;0.154305994511
LFPZ;SAINT-CYR-L´ÉCOLE;;;FRANÇA;EUROPA; 48.810355;2.073197
OJAQ;AQABA;;;JORDÂNIA;ÁSIA; 29.611600875854492;35.01810073852539
UHPP;PETROPAVLOVSK-KAMCHATSKY;;;RÚSSIA;EUROPA; 53.16790008544922;158.45399475097656
LTAE;ANKARA;;;TURQUIA;EUROPA; 40.078899383499994;32.5656013489
KMCN;"MACON; GEORGIA";;;ESTADOS UNIDOS DA AMÉRICA;AMÉRICA DO NORTE; 32.69279861450195;-83.64920043945312
SBPO;PATO BRANCO;PR;SUL;BRASIL;AMÉRICA DO SUL; -26.216803;-52.691419
KMLB;"MELBOURNE; FLORIDA";;;ESTADOS UNIDOS DA AMÉRICA;AMÉRICA DO NORTE; 28.102800369262695;-80.64530181884766
SNAT;ARACATI;CE;NORDESTE;BRASIL;AMÉRICA DO SUL; -4.567140102386475;-37.79999923706055
KMEI;"MERIDIAN; MISSISSIPPI";;;ESTADOS UNIDOS DA AMÉRICA;AMÉRICA DO NORTE; 32.33259963989258;-88.75189971923828
SBVC;VITÓRIA DA CONQUISTA;BA;NORDESTE;BRASIL;AMÉRICA DO SUL; -14.910429;-40.917747
SBGU;GUARAPUAVA;PR;SUL;BRASIL;AMÉRICA DO SUL; -25.387501;-51.520199
LEVC;VALENCIA;;;ESPANHA;EUROPA; 39.4893;-0.481625
EGCN;"SOUTH YORKSHIRE; ENGLAND";;;REINO UNIDO;EUROPA; 53.4805378105;-1.01065635681
SADP;EL PALOMAR;;;ARGENTINA;AMÉRICA DO SUL; -34.6099;-58.6126
KBFI;"SEATTLE; WASHINGTON";;;ESTADOS UNIDOS DA AMÉRICA;AMÉRICA DO NORTE; 47.529998779296875;-122.302001953125
SPQU;"AREQUIPA; AREQUIPA REGION";;;PERU;AMÉRICA DO SUL; -16.3411006927;-71.5830993652
KPAE;"EVERETT; WASHINGTON";;;ESTADOS UNIDOS DA AMÉRICA;AMÉRICA DO NORTE; 47.90629959;-122.2819977
SBSI;SINOP;MT;CENTRO-OESTE;BRASIL;AMÉRICA DO SUL; -11.878448;-55.581543
KLCK;"COLUMBUS; OHIO";;;ESTADOS UNIDOS DA AMÉRICA;AMÉRICA DO NORTE; 39.813801;-82.927803
SAAV;"SANTA FE; SANTA FE PROVINCE";;;ARGENTINA;AMÉRICA DO SUL; -31.7117;-60.8117
SNJN;JANUÁRIA;MG;SUDESTE;BRASIL;AMÉRICA DO SUL; -15.473799705505371;-44.385501861572266
SNMK;JAÍBA;MG;SUDESTE;BRASIL;AMÉRICA DO SUL; -15.093000411987305;-43.97909927368164
SNMZ;PORTO DE MOZ;PA;NORTE;BRASIL;AMÉRICA DO SUL; -1.7414499521255493;-52.23609924316406
SNVS;BREVES;PA;NORTE;BRASIL;AMÉRICA DO SUL; -1.6365300416946411;-50.443599700927734
SNYA;ALMEIRIM;PA;NORTE;BRASIL;AMÉRICA DO SUL; -1.4919439554214478;-52.57833480834961
SSOU;ARIPUANÃ;MT;CENTRO-OESTE;BRASIL;AMÉRICA DO SUL; -17.036942;-46.260277
SWJN;JUÍNA;MT;CENTRO-OESTE;BRASIL;AMÉRICA DO SUL; -11.419444;-58.701668
SWTS;TANGARÁ DA SERRA;MT;CENTRO-OESTE;BRASIL;AMÉRICA DO SUL; -14.661999702500001;-57.4435005188
SSCP;CORNÉLIO PROCÓPIO;PR;SUL;BRASIL;AMÉRICA DO SUL; -23.15250015258789;-50.602500915527344
SSCT;CIANORTE;PR;SUL;BRASIL;AMÉRICA DO SUL; -23.691499710083008;-52.64189910888672
SSGY;GUAÍRA;SP;SUDESTE;BRASIL;AMÉRICA DO SUL; -24.081100463867188;-54.19169998168945
SSKM;CAMPO MOURÃO;PR;SUL;BRASIL;AMÉRICA DO SUL; -24.009199142499998;-52.3568000793
SSOG;ARAPONGAS;PR;SUL;BRASIL;AMÉRICA DO SUL; -23.3529;-51.491699
SSPG;PARANAGUÁ;PR;SUL;BRASIL;AMÉRICA DO SUL; -25.54010009765625;-48.53120040893555
SSPI;PARANAVAÍ;PR;SUL;BRASIL;AMÉRICA DO SUL; -23.08989906311035;-52.48849868774414
SSUV;UNIÃO DA VITÓRIA;PR;SUL;BRASIL;AMÉRICA DO SUL; -26.2334;-51.067797
SSVL;TELÊMACO BORBA;PR;SUL;BRASIL;AMÉRICA DO SUL; -22.521667;-54.677776
SSSB;SÃO BORJA;RS;SUL;BRASIL;AMÉRICA DO SUL; -28.6549;-56.034599
KIWA;"MESA; ARIZONA";;;ESTADOS UNIDOS DA AMÉRICA;AMÉRICA DO NORTE; 33.30780029;-111.6549988
LPPD;"PONTA DELGADA; SÃO MIGUEL ISLAND";;;PORTUGAL;EUROPA; 37.7411994934;-25.6979007721
LTFM;ISTANBUL;;;TURQUIA;EUROPA; 41.275278;28.751944
GQNO;"NOUAKCHOTT; MAURITÂNIA";;;MAURITÂNIA;ÁFRICA; 18.31;-15.9697222
CYMX;"MONTREAL; QUEBEC";;;CANADÁ;AMÉRICA DO NORTE; 45.679501;-74.038696
FIMP;PLAINE MAGNIEN;;;MAURÍCIA;ÁFRICA; -20.430201;57.683601
VCBI;COLOMBO;;;SRI LANKA;ÁSIA; 7.180759906768799;79.88410186767578
WIHH;JAKARTA;;;INDONÉSIA;ÁSIA; -6.266610145568848;106.89099884033203
YPPH;"REDCLIFFE; WESTERN AUSTRALIA";;;AUSTRÁLIA;OCEANIA; -31.94029998779297;115.96700286865234
FZAA;KINSHASA;;;REPÚBLICA DEMOCRÁTICA DO CONGO;ÁFRICA; -4.38575;15.4446
ZSQD;"QINGDAO; SHANDONG";;;CHINA;ÁSIA; 36.2661018372;120.374000549
ZSHC;"HANGZHOU; ZHEJIANG";;;CHINA;ÁSIA; 30.22949981689453;120.43399810791016
ZSPD;SHANGHAI;;;CHINA;ÁSIA; 31.143400192260742;121.80500030517578
KGUS;"PERU; INDIANA";;;ESTADOS UNIDOS DA AMÉRICA;AMÉRICA DO NORTE; 40.648101806599996;-86.1520996094
SBAC;ARACATI;CE;NORDESTE;BRASIL;AMÉRICA DO SUL; -4.568611;-37.804722
ZBHH;"HOHHOT; INNER MONGOLIA";;;CHINA;ÁSIA; 40.851398;111.823997
MMVA;"VILLAHERMOSA; TABASCO";;;MÉXICO;AMÉRICA DO NORTE; 17.996999740600586;-92.81739807128906
UAKK;KARAGANDA;;;CAZAQUISTÃO;ÁSIA; 49.670799255371094;73.33439636230469
OAKB;KABUL;;;AFEGANISTÃO;ÁSIA; 34.565899;69.212303
HKMO;MOMBASA;;;QUÊNIA;ÁFRICA; -4.034830093383789;39.594200134277344
ZSNJ;"NANJING; JIANGSU";;;CHINA;ÁSIA; 31.742000579833984;118.86199951171875
SPJL;"PUNO/JULIACA; PUNO REGION";;;PERU;AMÉRICA DO SUL; -15.467100143432617;-70.158203125
KLRD;"LAREDO; TEXAS";;;ESTADOS UNIDOS DA AMÉRICA;AMÉRICA DO NORTE; 27.543800354003906;-99.46160125732422
SDZG;TAUÁ;CE;NORDESTE;BRASIL;AMÉRICA DO SUL; -5.9334;-40.2975
SNIG;IGUATU;CE;NORDESTE;BRASIL;AMÉRICA DO SUL; -6.346640110015869;-39.293800354003906
SNOB;SOBRAL;CE;NORDESTE;BRASIL;AMÉRICA DO SUL; -3.67889;-40.336802
SNWS;CRATEÚS;CE;NORDESTE;BRASIL;AMÉRICA DO SUL; -5.211349964141846;-40.704200744628906
SWBE;SÃO BENEDITO;CE;NORDESTE;BRASIL;AMÉRICA DO SUL; -4.0428;-40.8938
SBJC;BELÉM;PA;NORTE;BRASIL;AMÉRICA DO SUL; -1.4141600132;-48.4607009888
SNTS;PATOS;PB;NORDESTE;BRASIL;AMÉRICA DO SUL; -7.038990020751953;-37.2515983581543
SDWQ;ALENQUER;PA;NORTE;BRASIL;AMÉRICA DO SUL; -1.917427;-54.725636
SNMA;MONTE ALEGRE;PA;NORTE;BRASIL;AMÉRICA DO SUL; -1.9958000183105469;-54.07419967651367
SNRJ;BREJO;MA;NORDESTE;BRASIL;AMÉRICA DO SUL; -3.6669440269470215;-42.83388900756836
SDAG;ANGRA DOS REIS;RJ;SUDESTE;BRASIL;AMÉRICA DO SUL; -22.975299835205078;-44.307098388671875
SISO;CHAVES;PA;NORTE;BRASIL;AMÉRICA DO SUL; -0.091666996479034;-49.580554962158
SWFN;MANAUS;AM;NORTE;BRASIL;AMÉRICA DO SUL; -3.0727779865264893;-60.02111053466797
SDPA;MANGARATIBA;RJ;SUDESTE;BRASIL;AMÉRICA DO SUL; -22.927499771118164;-44.08000183105469
SNSG;SALGUEIRO;PE;NORDESTE;BRASIL;AMÉRICA DO SUL; -8.047160148620605;-39.13639831542969
SWRF;PEDREIRAS;MA;NORDESTE;BRASIL;AMÉRICA DO SUL; -13.183611;-57.983891
SSSK;CODÓ;MA;NORDESTE;BRASIL;AMÉRICA DO SUL;  -4.510966;-43.918297
SNGA;GUARAPARI;ES;SUDESTE;BRASIL;AMÉRICA DO SUL; -20.646499633800005;-40.491901397700005
SSCN;CANELA;RS;SUL;BRASIL;AMÉRICA DO SUL; -29.37019920349121;-50.832000732421875
SSTE;TORRES;RS;SUL;BRASIL;AMÉRICA DO SUL; -29.412848;-49.804381
SDIM;ITANHAÉM;SP;SUDESTE;BRASIL;AMÉRICA DO SUL; -24.164722442626953;-46.78555679321289
ENGM;"GARDERMOEN (NEAR OSLO); AKERSHUS";;;NORUEGA;EUROPA; 60.193901062012;11.100399971008
OKBK;"AL-MAQWA; NEAR KUWAIT CITY";;;KUWAIT;ÁSIA; 29.226600646972656;47.96889877319336
LGAT;ATENAS;;;GRÉCIA;EUROPA; 37.893299;23.726101
SANU;"SAN JUAN; SAN JUAN PROVINCE";;;ARGENTINA;AMÉRICA DO SUL; -31.571501;-68.418198
TFFR;GRANDE-TERRE;;;GUADALUPE;AMÉRICA DO NORTE; 16.265301;-61.531799
SDNM;NOVA MUTUM;MT;CENTRO-OESTE;BRASIL;AMÉRICA DO SUL; -22.447500228881836;-43.128334045410156
SIZX;JUARA;MT;CENTRO-OESTE;BRASIL;AMÉRICA DO SUL; -11.2966;-57.5495
SWBG;PONTES E LACERDA;MT;CENTRO-OESTE;BRASIL;AMÉRICA DO SUL; -15.1934;-59.3848
SWPY;PRIMAVERA DO LESTE;MT;CENTRO-OESTE;BRASIL;AMÉRICA DO SUL; -15.565555572509766;-54.33777618408203
SILC;LUCAS DO RIO VERDE;MT;CENTRO-OESTE;BRASIL;AMÉRICA DO SUL; -13.037861;-55.95025
MKJS;MONTEGO BAY;;;JAMAICA;AMÉRICA CENTRAL; 18.503700256347656;-77.91339874267578
WADD;"DENPASAR; BALI";;;INDONÉSIA;ÁSIA; -8.7481698989868;115.16699981689
ZGGG;"GUANGZHOU; GUANGDONG";;;CHINA;ÁSIA; 23.39240074157715;113.29900360107422
ZSAM;"XIAMEN; FUJIAN";;;CHINA;ÁSIA; 24.54400062561035;118.12799835205078
KHDO;"HONDO; TEXAS";;;ESTADOS UNIDOS DA AMÉRICA;AMÉRICA DO NORTE; 29.35950088501;-99.176696777344
SYEC;OGLE;;;GUIANA;AMÉRICA DO SUL; 6.806764;-58.103488
LEPA;ISLAS BALEARES;;;ESPANHA;EUROPA; 39.551700592;2.73881006241
USSS;YEKATERINBURG;;;RÚSSIA;EUROPA; 56.743099212646;60.802700042725
VOHS;"HYDERABAD; INDIA";;;ÍNDIA;ÁSIA; 17.231318;78.429855
FOOL;LIBREVILLE;;;GABÃO;ÁFRICA; 0.458600014448;9.412280082699999
SVSO;SANTO DOMINGO;;;VENEZUELA;AMÉRICA DO SUL; 7.56538;-72.035103
LATI;TIRANA;;;ALBÂNIA;EUROPA; 41.4146995544;19.7206001282
UAAA;ALMATY;;;CAZAQUISTÃO;ÁSIA; 43.35210037231445;77.04049682617188
ZSJN;"JINAN; SHANDONG";;;CHINA;ÁSIA; 36.857200622558594;117.21600341796875
KAUH;"AURORA; NEBRASKA";;;ESTADOS UNIDOS DA AMÉRICA;AMÉRICA DO NORTE; 40.89410019;-97.99459839
SNCX;COLATINA;ES;SUDESTE;BRASIL;AMÉRICA DO SUL; -19.48699951171875;-40.57939910888672
ZGSZ;"SHENZHEN; GUANGDONG";;;CHINA;ÁSIA; 22.639299392700195;113.81099700927734
LYBE;BELGRADE;;;SÉRVIA;EUROPA; 44.8184013367;20.3090991974
UCFM;BISHKEK;;;QUIRGUISTÃO;ÁSIA;  43.053595;74.469796
VMMC;TAIPA;;;MACAU;ÁSIA; 22.149599;113.592003
KGTF;"GREAT FALLS; MONTANA";;;ESTADOS UNIDOS DA AMÉRICA;AMÉRICA DO NORTE; 47.48199844;-111.3710022
